0,1574106600.570400240,3656951400.570400240,0.00,0.00,0.00,-8.503200000,3.459300000,0.000000000,0.00,0.00,0.00
0,1574106600.872205730,3656951400.872205730,0.00,0.00,0.00,-8.503200000,3.459300000,0.000000000,0.00,0.00,0.00
0,1574106601.172224040,3656951401.172224040,0.00,0.00,0.00,-8.462300000,3.250100000,0.000000000,0.00,0.00,0.00
0,1574106601.473230840,3656951401.473230840,0.00,0.00,0.00,-8.462300000,3.250100000,0.000000000,0.00,0.00,0.00
0,1574106601.774235720,3656951401.774235720,0.00,0.00,0.00,-8.462300000,3.250100000,0.000000000,0.00,0.00,0.00
1,1574106612.611902710,3656951412.611902710,0.00,0.00,1.00,-10.637300000,2.982200000,0.534810000,0.00,0.00,1.00
1,1574106612.911571980,3656951412.911571980,0.00,0.00,1.00,-10.520100000,2.987500000,0.534790000,0.00,0.00,1.00
1,1574106613.212677960,3656951413.212677950,0.00,0.00,1.00,-10.445500000,2.982700000,0.534780000,0.00,0.00,1.00
1,1574106613.512691500,3656951413.512691500,0.00,0.00,1.00,-10.280800000,3.036500000,0.534720000,0.00,0.00,1.00
1,1574106613.812694070,3656951413.812694070,0.00,0.00,1.00,-10.101100000,3.091500000,0.534680000,0.00,0.00,1.00
2,1574106621.812259200,3656951421.812259200,0.00,0.00,3.00,-7.959600000,3.707700000,0.570480000,0.00,0.00,3.00
2,1574106622.111599920,3656951422.111599920,0.00,0.00,3.00,-8.000600000,3.526800000,0.570500000,0.00,0.00,3.00
2,1574106622.412797930,3656951422.412797930,0.00,0.00,3.00,-7.998200000,3.518100000,0.570510000,0.00,0.00,3.00
2,1574106622.712959770,3656951422.712959770,0.00,0.00,3.00,-8.010200000,3.510900000,0.570520000,0.00,0.00,3.00
2,1574106623.014277930,3656951423.014277930,0.00,0.00,3.00,-8.055300000,3.533100000,0.570520000,0.00,0.00,3.00
3,1574106630.552196500,3656951430.552196500,0.00,0.00,5.00,-7.316100000,4.594000000,0.601660000,0.00,0.00,5.00
3,1574106630.852736000,3656951430.852736000,0.00,0.00,5.00,-7.322600000,4.572300000,0.601630000,0.00,0.00,5.00
3,1574106631.153785710,3656951431.153785700,0.00,0.00,5.00,-7.323000000,4.571300000,0.601630000,0.00,0.00,5.00
3,1574106631.453813080,3656951431.453813080,0.00,0.00,5.00,-7.322100000,4.557200000,0.601630000,0.00,0.00,5.00
3,1574106631.754812720,3656951431.754812720,0.00,0.00,5.00,-7.270200000,4.711900000,0.601640000,0.00,0.00,5.00
4,1574106645.554856780,3656951445.554856780,0.00,0.00,7.00,-6.497600000,5.774000000,0.629330000,0.00,0.00,7.00
4,1574106645.855070110,3656951445.855070110,0.00,0.00,7.00,-6.528600000,5.783500000,0.629320000,0.00,0.00,7.00
4,1574106646.156089310,3656951446.156089300,0.00,0.00,7.00,-6.528600000,5.791200000,0.629320000,0.00,0.00,7.00
4,1574106646.457101820,3656951446.457101820,0.00,0.00,7.00,-6.522300000,5.730300000,0.629260000,0.00,0.00,7.00
4,1574106646.757108210,3656951446.757108210,0.00,0.00,7.00,-6.522700000,5.706600000,0.629260000,0.00,0.00,7.00
5,1574106654.547144890,3656951454.547144890,0.00,0.00,9.00,-5.063200000,7.991400000,0.652720000,0.00,0.00,9.00
5,1574106654.847170350,3656951454.847170350,0.00,0.00,9.00,-5.166100000,7.874300000,0.652740000,0.00,0.00,9.00
5,1574106655.147189620,3656951455.147189620,0.00,0.00,9.00,-5.263400000,7.791300000,0.652730000,0.00,0.00,9.00
5,1574106655.447216030,3656951455.447216030,0.00,0.00,9.00,-5.314000000,7.739900000,0.652740000,0.00,0.00,9.00
5,1574106655.748233320,3656951455.748233320,0.00,0.00,9.00,-5.356300000,7.686700000,0.652750000,0.00,0.00,9.00
6,1574106664.374602790,3656951464.374602790,0.00,0.00,11.00,-4.131800000,7.311200000,0.671520000,0.00,0.00,11.00
6,1574106664.674868110,3656951464.674868110,0.00,0.00,11.00,-4.351600000,7.278600000,0.671540000,0.00,0.00,11.00
6,1574106664.974466320,3656951464.974466320,0.00,0.00,11.00,-4.552300000,7.296700000,0.671580000,0.00,0.00,11.00
6,1574106665.275521750,3656951465.275521750,0.00,0.00,11.00,-4.693100000,7.246000000,0.671590000,0.00,0.00,11.00
6,1574106665.575513840,3656951465.575513840,0.00,0.00,11.00,-4.721900000,7.275400000,0.671600000,0.00,0.00,11.00
7,1574106673.265287880,3656951473.265287880,0.00,0.00,13.00,-2.899700000,9.467300000,0.684670000,0.00,0.00,13.00
7,1574106673.564518450,3656951473.564518450,0.00,0.00,13.00,-2.762600000,9.467300000,0.684670000,0.00,0.00,13.00
7,1574106673.864621640,3656951473.864621640,0.00,0.00,13.00,-2.843100000,9.458100000,0.684680000,0.00,0.00,13.00
7,1574106674.164634230,3656951474.164634230,0.00,0.00,13.00,-2.843100000,9.447800000,0.684690000,0.00,0.00,13.00
7,1574106674.464641570,3656951474.464641570,0.00,0.00,13.00,-2.928600000,9.424900000,0.684690000,0.00,0.00,13.00
8,1574106682.750782010,3656951482.750782010,0.00,0.00,15.00,-3.226600000,8.366300000,0.691250000,0.00,0.00,15.00
8,1574106683.051007270,3656951483.051007270,0.00,0.00,15.00,-3.225900000,8.398900000,0.691240000,0.00,0.00,15.00
8,1574106683.352072240,3656951483.352072240,0.00,0.00,15.00,-3.234700000,8.380600000,0.691230000,0.00,0.00,15.00
8,1574106683.652088640,3656951483.652088640,0.00,0.00,15.00,-3.242100000,8.366900000,0.691230000,0.00,0.00,15.00
8,1574106683.953093530,3656951483.953093530,0.00,0.00,15.00,-3.254300000,8.370400000,0.691220000,0.00,0.00,15.00
9,1574106691.802469730,3656951491.802469730,0.00,0.00,17.00,-1.787900000,8.178500000,0.692930000,0.00,0.00,17.00
9,1574106692.102883340,3656951492.102883340,0.00,0.00,17.00,-1.851200000,8.283500000,0.692940000,0.00,0.00,17.00
9,1574106692.404078480,3656951492.404078480,0.00,0.00,17.00,-1.894400000,8.220200000,0.692950000,0.00,0.00,17.00
9,1574106692.704082490,3656951492.704082490,0.00,0.00,17.00,-1.944500000,8.167400000,0.692960000,0.00,0.00,17.00
9,1574106693.005098340,3656951493.005098340,0.00,0.00,17.00,-1.978200000,8.105100000,0.692950000,0.00,0.00,17.00
10,1574106702.536087510,3656951502.536087510,0.00,0.00,19.00,-1.522900000,7.352300000,0.689920000,0.00,0.00,19.00
10,1574106702.835505010,3656951502.835505010,0.00,0.00,19.00,-1.691900000,7.433000000,0.689920000,0.00,0.00,19.00
10,1574106703.135525230,3656951503.135525230,0.00,0.00,19.00,-1.862100000,7.405700000,0.689890000,0.00,0.00,19.00
10,1574106703.435532090,3656951503.435532090,0.00,0.00,19.00,-1.865600000,7.405700000,0.689900000,0.00,0.00,19.00
10,1574106703.736538410,3656951503.736538410,0.00,0.00,19.00,-1.854600000,7.421500000,0.689920000,0.00,0.00,19.00
11,1574106711.633295540,3656951511.633295540,0.00,0.00,21.00,-0.754600000,5.744800000,0.682970000,0.00,0.00,21.00
11,1574106711.933416370,3656951511.933416370,0.00,0.00,21.00,-0.764900000,5.768400000,0.682960000,0.00,0.00,21.00
11,1574106712.234507080,3656951512.234507080,0.00,0.00,21.00,-0.769900000,5.768600000,0.682940000,0.00,0.00,21.00
11,1574106712.535512920,3656951512.535512920,0.00,0.00,21.00,-0.772800000,5.773500000,0.682940000,0.00,0.00,21.00
11,1574106712.836524010,3656951512.836524010,0.00,0.00,21.00,-0.777400000,5.766200000,0.682960000,0.00,0.00,21.00
12,1574106725.018015860,3656951525.018015860,0.00,0.00,23.00,-2.408500000,1.605900000,0.673610000,0.00,0.00,23.00
12,1574106725.317624090,3656951525.317624090,0.00,0.00,23.00,-2.414600000,1.664600000,0.673610000,0.00,0.00,23.00
12,1574106725.618640900,3656951525.618640900,0.00,0.00,23.00,-2.463500000,1.583300000,0.673590000,0.00,0.00,23.00
12,1574106725.919653890,3656951525.919653890,0.00,0.00,23.00,-2.472300000,1.593500000,0.673580000,0.00,0.00,23.00
12,1574106726.219662670,3656951526.219662670,0.00,0.00,23.00,-2.462200000,1.597900000,0.673560000,0.00,0.00,23.00
13,1574107414.444140430,3656952214.444140430,-4.50,0.00,0.00,-57.032000000,9.692700000,0.521480000,-4.50,0.00,0.00
13,1574107414.743441580,3656952214.743441580,-4.50,0.00,0.00,-57.063000000,9.773300000,0.521500000,-4.50,0.00,0.00
13,1574107415.043636800,3656952215.043636800,-4.50,0.00,0.00,-57.064000000,9.650900000,0.521500000,-4.50,0.00,0.00
13,1574107415.343648910,3656952215.343648910,-4.50,0.00,0.00,-57.054000000,9.673200000,0.521520000,-4.50,0.00,0.00
13,1574107415.643660540,3656952215.643660540,-4.50,0.00,0.00,-57.049000000,9.686000000,0.521530000,-4.50,0.00,0.00
14,1574107426.006905080,3656952226.006905080,-4.50,0.00,1.00,-57.240000000,8.097100000,0.541770000,-4.50,0.00,1.00
14,1574107426.306297780,3656952226.306297780,-4.50,0.00,1.00,-57.247000000,8.035100000,0.541740000,-4.50,0.00,1.00
14,1574107426.606351380,3656952226.606351370,-4.50,0.00,1.00,-57.250000000,8.008100000,0.541720000,-4.50,0.00,1.00
14,1574107426.907360080,3656952226.907360080,-4.50,0.00,1.00,-57.250000000,7.996700000,0.541700000,-4.50,0.00,1.00
14,1574107427.207367420,3656952227.207367420,-4.50,0.00,1.00,-57.250000000,8.010900000,0.541700000,-4.50,0.00,1.00
15,1574107435.961628440,3656952235.961628440,-4.50,0.00,3.00,-54.260000000,9.475000000,0.577620000,-4.50,0.00,3.00
15,1574107436.262815950,3656952236.262815950,-4.50,0.00,3.00,-54.243000000,9.614400000,0.577750000,-4.50,0.00,3.00
15,1574107436.562920570,3656952236.562920570,-4.50,0.00,3.00,-54.183000000,9.803600000,0.577840000,-4.50,0.00,3.00
15,1574107436.863925460,3656952236.863925460,-4.50,0.00,3.00,-54.122000000,9.988700000,0.577930000,-4.50,0.00,3.00
15,1574107437.164934630,3656952237.164934630,-4.50,0.00,3.00,-54.065000000,10.156600000,0.578050000,-4.50,0.00,3.00
16,1574107456.087969780,3656952256.087969780,-4.50,0.00,5.00,-49.566000000,9.771400000,0.612720000,-4.50,0.00,5.00
16,1574107456.387405870,3656952256.387405870,-4.50,0.00,5.00,-49.588000000,9.848200000,0.612720000,-4.50,0.00,5.00
16,1574107456.688495640,3656952256.688495640,-4.50,0.00,5.00,-49.588000000,9.693900000,0.612710000,-4.50,0.00,5.00
16,1574107456.989525320,3656952256.989525320,-4.50,0.00,5.00,-49.590000000,9.483400000,0.612700000,-4.50,0.00,5.00
16,1574107457.290531630,3656952257.290531630,-4.50,0.00,5.00,-49.555000000,9.795600000,0.612690000,-4.50,0.00,5.00
17,1574107471.342158790,3656952271.342158790,-4.50,0.00,7.00,-38.771000000,9.569800000,0.639280000,-4.50,0.00,7.00
17,1574107471.641472820,3656952271.641472820,-4.50,0.00,7.00,-38.771000000,9.632800000,0.639280000,-4.50,0.00,7.00
17,1574107471.942492960,3656952271.942492960,-4.50,0.00,7.00,-38.777000000,9.713500000,0.639290000,-4.50,0.00,7.00
17,1574107472.243507380,3656952272.243507380,-4.50,0.00,7.00,-38.779000000,9.792900000,0.639300000,-4.50,0.00,7.00
17,1574107472.544517040,3656952272.544517040,-4.50,0.00,7.00,-38.783000000,9.866000000,0.639300000,-4.50,0.00,7.00
18,1574107484.739490510,3656952284.739490510,-4.50,0.00,9.00,-33.186000000,10.238600000,0.663420000,-4.50,0.00,9.00
18,1574107485.039886950,3656952285.039886950,-4.50,0.00,9.00,-33.294000000,10.238600000,0.663440000,-4.50,0.00,9.00
18,1574107485.340992930,3656952285.340992930,-4.50,0.00,9.00,-33.501000000,11.804600000,0.663460000,-4.50,0.00,9.00
18,1574107485.641002650,3656952285.641002650,-4.50,0.00,9.00,-33.747000000,9.707600000,0.663480000,-4.50,0.00,9.00
18,1574107485.941005230,3656952285.941005230,-4.50,0.00,9.00,-33.747000000,9.175700000,0.663480000,-4.50,0.00,9.00
19,1574107494.572783950,3656952294.572783950,-4.50,0.00,11.00,-28.030000000,10.677900000,0.682740000,-4.50,0.00,11.00
19,1574107494.873195170,3656952294.873195170,-4.50,0.00,11.00,-28.036000000,10.688900000,0.682760000,-4.50,0.00,11.00
19,1574107495.172303200,3656952295.172303200,-4.50,0.00,11.00,-28.044000000,10.698100000,0.682770000,-4.50,0.00,11.00
19,1574107495.472315310,3656952295.472315310,-4.50,0.00,11.00,-28.055000000,10.722300000,0.682780000,-4.50,0.00,11.00
19,1574107495.772324560,3656952295.772324560,-4.50,0.00,11.00,-28.075000000,10.733000000,0.682790000,-4.50,0.00,11.00
20,1574107504.807759280,3656952304.807759280,-4.50,0.00,13.00,-20.427000000,10.836000000,0.695590000,-4.50,0.00,13.00
20,1574107505.108207230,3656952305.108207220,-4.50,0.00,13.00,-20.427000000,10.831400000,0.695580000,-4.50,0.00,13.00
20,1574107505.407299520,3656952305.407299520,-4.50,0.00,13.00,-20.429500000,10.824000000,0.695580000,-4.50,0.00,13.00
20,1574107505.707969660,3656952305.707969660,-4.50,0.00,13.00,-20.433300000,10.826100000,0.695590000,-4.50,0.00,13.00
20,1574107506.008066650,3656952306.008066650,-4.50,0.00,13.00,-20.433500000,10.836000000,0.695580000,-4.50,0.00,13.00
21,1574107516.406425000,3656952316.406425000,-4.50,0.00,15.00,-13.420600000,9.424400000,0.701410000,-4.50,0.00,15.00
21,1574107516.706759450,3656952316.706759450,-4.50,0.00,15.00,-13.420200000,9.451400000,0.701410000,-4.50,0.00,15.00
21,1574107517.007779120,3656952317.007779120,-4.50,0.00,15.00,-13.416000000,9.451400000,0.701420000,-4.50,0.00,15.00
21,1574107517.307784560,3656952317.307784560,-4.50,0.00,15.00,-13.398200000,9.497800000,0.701450000,-4.50,0.00,15.00
21,1574107517.608792300,3656952317.608792300,-4.50,0.00,15.00,-13.398200000,9.549400000,0.701450000,-4.50,0.00,15.00
22,1574107527.050388810,3656952327.050388810,-4.50,0.00,17.00,-6.051700000,9.274700000,0.701980000,-4.50,0.00,17.00
22,1574107527.351806160,3656952327.351806160,-4.50,0.00,17.00,-6.049300000,9.309600000,0.701990000,-4.50,0.00,17.00
22,1574107527.652915000,3656952327.652915000,-4.50,0.00,17.00,-6.048400000,9.329900000,0.701990000,-4.50,0.00,17.00
22,1574107527.952932830,3656952327.952932830,-4.50,0.00,17.00,-6.048900000,9.329900000,0.701970000,-4.50,0.00,17.00
22,1574107528.252944950,3656952328.252944950,-4.50,0.00,17.00,-6.049900000,9.338100000,0.702010000,-4.50,0.00,17.00
23,1574107538.445042130,3656952338.445042130,-4.50,0.00,19.00,1.232600000,8.185800000,0.697390000,-4.50,0.00,19.00
23,1574107538.744744300,3656952338.744744300,-4.50,0.00,19.00,1.242600000,8.191400000,0.697380000,-4.50,0.00,19.00
23,1574107539.045918940,3656952339.045918940,-4.50,0.00,19.00,3.124900000,8.095100000,0.697280000,-4.50,0.00,19.00
23,1574107539.345923420,3656952339.345923420,-4.50,0.00,19.00,3.113300000,9.510600000,0.697220000,-4.50,0.00,19.00
23,1574107539.646934030,3656952339.646934030,-4.50,0.00,19.00,3.135600000,9.460500000,0.697170000,-4.50,0.00,19.00
24,1574107550.931930060,3656952350.931930060,-4.50,0.00,21.00,7.278600000,6.997100000,0.689170000,-4.50,0.00,21.00
24,1574107551.233073710,3656952351.233073710,-4.50,0.00,21.00,7.275400000,6.907900000,0.689170000,-4.50,0.00,21.00
24,1574107551.533091070,3656952351.533091070,-4.50,0.00,21.00,7.275400000,6.894200000,0.689150000,-4.50,0.00,21.00
24,1574107551.833098890,3656952351.833098890,-4.50,0.00,21.00,7.271900000,6.930600000,0.689160000,-4.50,0.00,21.00
24,1574107552.133106230,3656952352.133106230,-4.50,0.00,21.00,7.265500000,6.871700000,0.689170000,-4.50,0.00,21.00
25,1574107559.365479950,3656952359.365479940,-4.50,0.00,23.00,10.762600000,6.951300000,0.677580000,-4.50,0.00,23.00
25,1574107559.666891570,3656952359.666891570,-4.50,0.00,23.00,10.768000000,6.951300000,0.677570000,-4.50,0.00,23.00
25,1574107559.966957570,3656952359.966957570,-4.50,0.00,23.00,10.771000000,6.983200000,0.677570000,-4.50,0.00,23.00
25,1574107560.266572480,3656952360.266572470,-4.50,0.00,23.00,10.771000000,7.020200000,0.677570000,-4.50,0.00,23.00
25,1574107560.566892150,3656952360.566892150,-4.50,0.00,23.00,10.772100000,7.030400000,0.677590000,-4.50,0.00,23.00
26,1574107831.201227660,3656952631.201227660,-8.50,0.00,0.00,-101.150000000,16.314800000,0.529740000,-8.50,0.00,0.00
26,1574107831.500621320,3656952631.500621320,-8.50,0.00,0.00,-101.044000000,17.986300000,0.529740000,-8.50,0.00,0.00
26,1574107831.801623340,3656952631.801623340,-8.50,0.00,0.00,-100.659000000,17.539800000,0.529800000,-8.50,0.00,0.00
26,1574107832.102643490,3656952632.102643490,-8.50,0.00,0.00,-100.160000000,17.539800000,0.529830000,-8.50,0.00,0.00
26,1574107832.403652190,3656952632.403652190,-8.50,0.00,0.00,-99.668000000,17.518800000,0.529840000,-8.50,0.00,0.00
27,1574107837.693722720,3656952637.693722720,-8.50,0.00,1.00,-94.222000000,15.183800000,0.550340000,-8.50,0.00,1.00
27,1574107837.994254110,3656952637.994254110,-8.50,0.00,1.00,-94.209000000,15.183800000,0.550350000,-8.50,0.00,1.00
27,1574107838.294314860,3656952638.294314860,-8.50,0.00,1.00,-94.115000000,14.913000000,0.550370000,-8.50,0.00,1.00
27,1574107838.595329760,3656952638.595329760,-8.50,0.00,1.00,-94.115000000,14.603600000,0.550370000,-8.50,0.00,1.00
27,1574107838.895345690,3656952638.895345690,-8.50,0.00,1.00,-94.146000000,14.651200000,0.550420000,-8.50,0.00,1.00
28,1574107844.915408130,3656952644.915408130,-8.50,0.00,3.00,-93.587000000,19.628700000,0.590770000,-8.50,0.00,3.00
28,1574107845.217132570,3656952645.217132570,-8.50,0.00,3.00,-93.601000000,19.346000000,0.590780000,-8.50,0.00,3.00
28,1574107845.518197540,3656952645.518197540,-8.50,0.00,3.00,-93.595000000,19.332100000,0.590820000,-8.50,0.00,3.00
28,1574107845.818202970,3656952645.818202970,-8.50,0.00,3.00,-93.584000000,17.985600000,0.590820000,-8.50,0.00,3.00
28,1574107846.118211750,3656952646.118211740,-8.50,0.00,3.00,-93.608000000,16.458800000,0.590890000,-8.50,0.00,3.00
29,1574107852.294173720,3656952652.294173720,-8.50,0.00,5.00,-84.723000000,17.489800000,0.629100000,-8.50,0.00,5.00
29,1574107852.593753340,3656952652.593753340,-8.50,0.00,5.00,-84.795000000,17.703700000,0.629200000,-8.50,0.00,5.00
29,1574107852.894771100,3656952652.894771100,-8.50,0.00,5.00,-84.772000000,17.687000000,0.629240000,-8.50,0.00,5.00
29,1574107853.195772170,3656952653.195772170,-8.50,0.00,5.00,-84.772000000,17.709600000,0.629290000,-8.50,0.00,5.00
29,1574107853.495777610,3656952653.495777610,-8.50,0.00,5.00,-84.753000000,17.847000000,0.629350000,-8.50,0.00,5.00
30,1574107862.466379640,3656952662.466379640,-8.50,0.00,7.00,-74.136000000,21.205600000,0.659020000,-8.50,0.00,7.00
30,1574107862.766383170,3656952662.766383170,-8.50,0.00,7.00,-74.174000000,21.243600000,0.659020000,-8.50,0.00,7.00
30,1574107863.066402430,3656952663.066402430,-8.50,0.00,7.00,-74.201000000,21.273300000,0.659020000,-8.50,0.00,7.00
30,1574107863.367414470,3656952663.367414470,-8.50,0.00,7.00,-74.229000000,21.260200000,0.659010000,-8.50,0.00,7.00
30,1574107863.667428020,3656952663.667428020,-8.50,0.00,7.00,-74.247000000,21.222600000,0.658970000,-8.50,0.00,7.00
31,1574107869.560309410,3656952669.560309410,-8.50,0.00,9.00,-60.103000000,21.432500000,0.686780000,-8.50,0.00,9.00
31,1574107869.860918040,3656952669.860918040,-8.50,0.00,9.00,-60.140000000,21.516200000,0.686830000,-8.50,0.00,9.00
31,1574107870.162026880,3656952670.162026880,-8.50,0.00,9.00,-60.179000000,21.582700000,0.686870000,-8.50,0.00,9.00
31,1574107870.462033270,3656952670.462033270,-8.50,0.00,9.00,-60.226000000,21.539800000,0.686900000,-8.50,0.00,9.00
31,1574107870.761549000,3656952670.761549000,-8.50,0.00,9.00,-60.219000000,21.559900000,0.686900000,-8.50,0.00,9.00
32,1574107876.102664950,3656952676.102664950,-8.50,0.00,11.00,-46.091000000,20.500300000,0.704710000,-8.50,0.00,11.00
32,1574107876.404125690,3656952676.404125690,-8.50,0.00,11.00,-46.015000000,20.613700000,0.704670000,-8.50,0.00,11.00
32,1574107876.704234600,3656952676.704234600,-8.50,0.00,11.00,-45.834000000,20.707600000,0.704650000,-8.50,0.00,11.00
32,1574107877.005248070,3656952677.005248070,-8.50,0.00,11.00,-45.818000000,20.802000000,0.704700000,-8.50,0.00,11.00
32,1574107877.305263040,3656952677.305263040,-8.50,0.00,11.00,-45.830000000,20.736500000,0.704720000,-8.50,0.00,11.00
33,1574107882.222158910,3656952682.222158910,-8.50,0.00,13.00,-30.682000000,19.782800000,0.716730000,-8.50,0.00,13.00
33,1574107882.521895410,3656952682.521895410,-8.50,0.00,13.00,-30.429000000,19.918600000,0.716750000,-8.50,0.00,13.00
33,1574107882.822956560,3656952682.822956560,-8.50,0.00,13.00,-30.424000000,19.836200000,0.716750000,-8.50,0.00,13.00
33,1574107883.123969080,3656952683.123969080,-8.50,0.00,13.00,-30.441000000,19.887000000,0.716740000,-8.50,0.00,13.00
33,1574107883.423980240,3656952683.423980240,-8.50,0.00,13.00,-30.480000000,19.917600000,0.716720000,-8.50,0.00,13.00
34,1574107888.548271660,3656952688.548271660,-8.50,0.00,15.00,-18.365600000,21.046100000,0.721720000,-8.50,0.00,15.00
34,1574107888.847436900,3656952688.847436900,-8.50,0.00,15.00,-18.349400000,20.920000000,0.721820000,-8.50,0.00,15.00
34,1574107889.147500040,3656952689.147500040,-8.50,0.00,15.00,-18.359300000,20.955400000,0.721850000,-8.50,0.00,15.00
34,1574107889.447511200,3656952689.447511200,-8.50,0.00,15.00,-18.359300000,20.943800000,0.721850000,-8.50,0.00,15.00
34,1574107889.748517990,3656952689.748517990,-8.50,0.00,15.00,-18.381900000,21.029200000,0.721830000,-8.50,0.00,15.00
35,1574107894.934963700,3656952694.934963700,-8.50,0.00,17.00,-5.461300000,19.375700000,0.720720000,-8.50,0.00,17.00
35,1574107895.234572890,3656952695.234572890,-8.50,0.00,17.00,-5.435800000,19.337800000,0.720720000,-8.50,0.00,17.00
35,1574107895.535637380,3656952695.535637380,-8.50,0.00,17.00,-5.388600000,19.285300000,0.720700000,-8.50,0.00,17.00
35,1574107895.836647990,3656952695.836647990,-8.50,0.00,17.00,-5.354300000,19.261700000,0.720680000,-8.50,0.00,17.00
35,1574107896.136660580,3656952696.136660570,-8.50,0.00,17.00,-5.330700000,19.250200000,0.720670000,-8.50,0.00,17.00
36,1574107903.017746920,3656952703.017746920,-8.50,0.00,19.00,8.080300000,17.000700000,0.713220000,-8.50,0.00,19.00
36,1574107903.319007870,3656952703.319007870,-8.50,0.00,19.00,8.078800000,16.975800000,0.713210000,-8.50,0.00,19.00
36,1574107903.619025710,3656952703.619025710,-8.50,0.00,19.00,8.071800000,16.983700000,0.713200000,-8.50,0.00,19.00
36,1574107903.919031140,3656952703.919031140,-8.50,0.00,19.00,8.080700000,16.964500000,0.713210000,-8.50,0.00,19.00
36,1574107904.219034670,3656952704.219034670,-8.50,0.00,19.00,8.087700000,16.934600000,0.713210000,-8.50,0.00,19.00
37,1574107911.020834920,3656952711.020834920,-8.50,0.00,21.00,18.470800000,15.863600000,0.700600000,-8.50,0.00,21.00
37,1574107911.320676800,3656952711.320676800,-8.50,0.00,21.00,18.463500000,15.861700000,0.700590000,-8.50,0.00,21.00
37,1574107911.620748520,3656952711.620748520,-8.50,0.00,21.00,18.457000000,15.867900000,0.700610000,-8.50,0.00,21.00
37,1574107911.921753410,3656952711.921753410,-8.50,0.00,21.00,18.459400000,15.864900000,0.700610000,-8.50,0.00,21.00
37,1574107912.222760680,3656952712.222760680,-8.50,0.00,21.00,18.460800000,15.916400000,0.700580000,-8.50,0.00,21.00
38,1574107917.390591140,3656952717.390591140,-8.50,0.00,23.00,28.652500000,16.757800000,0.683260000,-8.50,0.00,23.00
38,1574107917.691242220,3656952717.691242220,-8.50,0.00,23.00,28.652500000,16.473600000,0.683200000,-8.50,0.00,23.00
38,1574107917.991259570,3656952717.991259570,-8.50,0.00,23.00,28.858000000,16.168300000,0.681750000,-8.50,0.00,23.00
38,1574107918.292274000,3656952718.292274000,-8.50,0.00,23.00,26.422000000,16.085000000,0.683140000,-8.50,0.00,23.00
38,1574107918.591290470,3656952718.591290470,-8.50,0.00,23.00,26.483000000,16.073600000,0.683160000,-8.50,0.00,23.00
39,1574108169.930321690,3656952969.930321690,4.50,0.00,0.00,31.020000000,-1.703600000,0.515720000,4.50,0.00,0.00
39,1574108170.231844900,3656952970.231844900,4.50,0.00,0.00,30.998000000,-1.793000000,0.515690000,4.50,0.00,0.00
39,1574108170.531863210,3656952970.531863210,4.50,0.00,0.00,30.993000000,-1.737500000,0.515630000,4.50,0.00,0.00
39,1574108170.831873420,3656952970.831873420,4.50,0.00,0.00,31.000000000,-1.716300000,0.515610000,4.50,0.00,0.00
39,1574108171.132883070,3656952971.132883070,4.50,0.00,0.00,31.003000000,-1.753900000,0.515600000,4.50,0.00,0.00
40,1574108176.533776760,3656952976.533776760,4.50,0.00,1.00,27.090000000,1.643800000,0.537350000,4.50,0.00,1.00
40,1574108176.835098740,3656952976.835098740,4.50,0.00,1.00,27.094000000,1.710300000,0.537390000,4.50,0.00,1.00
40,1574108177.135251520,3656952977.135251520,4.50,0.00,1.00,27.095000000,1.769900000,0.537420000,4.50,0.00,1.00
40,1574108177.435071470,3656952977.435071470,4.50,0.00,1.00,27.096000000,1.804600000,0.537450000,4.50,0.00,1.00
40,1574108177.736173150,3656952977.736173150,4.50,0.00,1.00,27.096000000,1.846300000,0.537460000,4.50,0.00,1.00
41,1574108184.237438200,3656952984.237438200,4.50,0.00,3.00,24.467000000,1.503800000,0.571190000,4.50,0.00,3.00
41,1574108184.538836960,3656952984.538836960,4.50,0.00,3.00,24.417000000,1.555700000,0.571240000,4.50,0.00,3.00
41,1574108184.838898660,3656952984.838898660,4.50,0.00,3.00,24.349000000,1.653800000,0.571280000,4.50,0.00,3.00
41,1574108185.138909340,3656952985.138909340,4.50,0.00,3.00,24.279000000,1.736500000,0.571300000,4.50,0.00,3.00
41,1574108185.439913750,3656952985.439913750,4.50,0.00,3.00,24.210000000,1.632600000,0.571330000,4.50,0.00,3.00
42,1574108192.598346230,3656952992.598346230,4.50,0.00,5.00,21.613000000,5.211500000,0.603400000,4.50,0.00,5.00
42,1574108192.898749350,3656952992.898749350,4.50,0.00,5.00,21.716000000,5.291300000,0.603380000,4.50,0.00,5.00
42,1574108193.198769090,3656952993.198769090,4.50,0.00,5.00,21.853000000,5.368400000,0.603350000,4.50,0.00,5.00
42,1574108193.499781130,3656952993.499781130,4.50,0.00,5.00,21.796000000,5.357400000,0.603340000,4.50,0.00,5.00
42,1574108193.799786090,3656952993.799786090,4.50,0.00,5.00,21.737000000,5.372300000,0.603370000,4.50,0.00,5.00
43,1574108199.311511520,3656952999.311511520,4.50,0.00,7.00,15.572200000,6.523300000,0.631020000,4.50,0.00,7.00
43,1574108199.611573220,3656952999.611573220,4.50,0.00,7.00,15.738800000,6.539500000,0.631050000,4.50,0.00,7.00
43,1574108199.911592010,3656952999.911592010,4.50,0.00,7.00,18.505800000,6.478000000,0.631040000,4.50,0.00,7.00
43,1574108200.211604590,3656953000.211604590,4.50,0.00,7.00,18.478600000,6.441700000,0.631020000,4.50,0.00,7.00
43,1574108200.512617590,3656953000.512617590,4.50,0.00,7.00,18.465800000,6.423800000,0.631020000,4.50,0.00,7.00
44,1574108208.828478340,3656953008.828478340,4.50,0.00,9.00,14.331900000,7.772500000,0.655630000,4.50,0.00,9.00
44,1574108209.129114150,3656953009.129114150,4.50,0.00,9.00,14.415800000,7.976400000,0.655690000,4.50,0.00,9.00
44,1574108209.429179190,3656953009.429179190,4.50,0.00,9.00,14.430900000,7.923600000,0.655730000,4.50,0.00,9.00
44,1574108209.730192660,3656953009.730192660,4.50,0.00,9.00,14.479900000,7.843100000,0.655730000,4.50,0.00,9.00
44,1574108210.030203340,3656953010.030203340,4.50,0.00,9.00,14.481000000,7.758800000,0.655690000,4.50,0.00,9.00
45,1574108217.107237340,3656953017.107237340,4.50,0.00,11.00,11.053600000,11.766900000,0.674510000,4.50,0.00,11.00
45,1574108217.406660560,3656953017.406660560,4.50,0.00,11.00,9.614300000,9.643700000,0.674530000,4.50,0.00,11.00
45,1574108217.706769940,3656953017.706769940,4.50,0.00,11.00,8.757700000,9.678000000,0.674550000,4.50,0.00,11.00
45,1574108218.006777760,3656953018.006777760,4.50,0.00,11.00,9.983000000,9.489500000,0.674590000,4.50,0.00,11.00
45,1574108218.307783130,3656953018.307783130,4.50,0.00,11.00,9.660500000,9.470400000,0.674610000,4.50,0.00,11.00
46,1574108226.903444770,3656953026.903444770,4.50,0.00,13.00,-0.890500000,10.651200000,0.688100000,4.50,0.00,13.00
46,1574108227.204719540,3656953027.204719540,4.50,0.00,13.00,-0.860500000,10.717600000,0.688100000,4.50,0.00,13.00
46,1574108227.505785460,3656953027.505785460,4.50,0.00,13.00,-0.872300000,10.636600000,0.688120000,4.50,0.00,13.00
46,1574108227.806803700,3656953027.806803700,4.50,0.00,13.00,-0.881600000,10.636600000,0.688140000,4.50,0.00,13.00
46,1574108228.107809540,3656953028.107809540,4.50,0.00,13.00,-0.885300000,10.714300000,0.688170000,4.50,0.00,13.00
47,1574108234.681322100,3656953034.681322100,4.50,0.00,15.00,-5.092700000,8.603700000,0.694370000,4.50,0.00,15.00
47,1574108234.982085700,3656953034.982085700,4.50,0.00,15.00,-5.178300000,8.642600000,0.694370000,4.50,0.00,15.00
47,1574108235.283217910,3656953035.283217910,4.50,0.00,15.00,-5.269100000,8.545000000,0.694360000,4.50,0.00,15.00
47,1574108235.583229060,3656953035.583229060,4.50,0.00,15.00,-5.289700000,8.545000000,0.694370000,4.50,0.00,15.00
47,1574108235.883242610,3656953035.883242610,4.50,0.00,15.00,-5.300100000,8.583400000,0.694370000,4.50,0.00,15.00
48,1574108242.475180150,3656953042.475180150,4.50,0.00,17.00,-9.030100000,8.458800000,0.695830000,4.50,0.00,17.00
48,1574108242.774512290,3656953042.774512290,4.50,0.00,17.00,-9.021300000,8.487200000,0.695830000,4.50,0.00,17.00
48,1574108243.074652670,3656953043.074652670,4.50,0.00,17.00,-9.015800000,8.524800000,0.695840000,4.50,0.00,17.00
48,1574108243.374659060,3656953043.374659060,4.50,0.00,17.00,-9.014500000,8.524800000,0.695840000,4.50,0.00,17.00
48,1574108243.674670220,3656953043.674670220,4.50,0.00,17.00,-9.014900000,8.561600000,0.695830000,4.50,0.00,17.00
49,1574108250.118144030,3656953050.118144030,4.50,0.00,19.00,-12.254400000,7.585100000,0.692430000,4.50,0.00,19.00
49,1574108250.417742250,3656953050.417742250,4.50,0.00,19.00,-12.254000000,7.610100000,0.692450000,4.50,0.00,19.00
49,1574108250.717808250,3656953050.717808250,4.50,0.00,19.00,-12.256200000,7.642300000,0.692440000,4.50,0.00,19.00
49,1574108251.017829420,3656953051.017829420,4.50,0.00,19.00,-12.259100000,7.668100000,0.692430000,4.50,0.00,19.00
49,1574108251.317850110,3656953051.317850110,4.50,0.00,19.00,-12.260200000,7.711900000,0.692420000,4.50,0.00,19.00
50,1574108258.609543320,3656953058.609543320,4.50,0.00,21.00,-14.793700000,4.372000000,0.684450000,4.50,0.00,21.00
50,1574108258.911083700,3656953058.911083700,4.50,0.00,21.00,-14.950200000,4.104000000,0.684410000,4.50,0.00,21.00
50,1574108259.211081980,3656953059.211081980,4.50,0.00,21.00,-15.098000000,3.926800000,0.684370000,4.50,0.00,21.00
50,1574108259.510543820,3656953059.510543820,4.50,0.00,21.00,-15.231700000,3.840900000,0.684340000,4.50,0.00,21.00
50,1574108259.810686110,3656953059.810686110,4.50,0.00,21.00,-15.363000000,3.755900000,0.684310000,4.50,0.00,21.00
51,1574108265.732905390,3656953065.732905390,4.50,0.00,23.00,-16.618600000,0.149900000,0.673410000,4.50,0.00,23.00
51,1574108266.032775880,3656953066.032775880,4.50,0.00,23.00,-16.617300000,0.189100000,0.673420000,4.50,0.00,23.00
51,1574108266.332795620,3656953066.332795620,4.50,0.00,23.00,-16.615500000,0.213300000,0.673440000,4.50,0.00,23.00
51,1574108266.633799080,3656953066.633799080,4.50,0.00,23.00,-16.615900000,0.256200000,0.673430000,4.50,0.00,23.00
51,1574108266.933814050,3656953066.933814050,4.50,0.00,23.00,-16.612900000,0.290500000,0.673450000,4.50,0.00,23.00
52,1574108439.073340420,3656953239.073340420,8.50,0.00,0.00,73.383000000,-3.932500000,0.520390000,8.50,0.00,0.00
52,1574108439.375149730,3656953239.375149730,8.50,0.00,0.00,73.489000000,-3.929700000,0.520330000,8.50,0.00,0.00
52,1574108439.674310210,3656953239.674310210,8.50,0.00,0.00,73.489000000,-3.962400000,0.520280000,8.50,0.00,0.00
52,1574108439.974329950,3656953239.974329950,8.50,0.00,0.00,73.484000000,-4.015000000,0.520250000,8.50,0.00,0.00
52,1574108440.274347780,3656953240.274347780,8.50,0.00,0.00,73.303000000,-4.017500000,0.520310000,8.50,0.00,0.00
53,1574108451.733303070,3656953251.733303070,8.50,0.00,1.00,72.363000000,-1.234000000,0.540730000,8.50,0.00,1.00
53,1574108452.034891130,3656953252.034891130,8.50,0.00,1.00,72.334000000,-1.256200000,0.540970000,8.50,0.00,1.00
53,1574108452.336046700,3656953252.336046690,8.50,0.00,1.00,72.309000000,-1.250600000,0.541020000,8.50,0.00,1.00
53,1574108452.636054990,3656953252.636054990,8.50,0.00,1.00,72.278000000,-1.223400000,0.541080000,8.50,0.00,1.00
53,1574108452.936061860,3656953252.936061860,8.50,0.00,1.00,72.263000000,-1.203200000,0.541120000,8.50,0.00,1.00
54,1574108462.355404850,3656953262.355404850,8.50,0.00,3.00,60.208000000,-1.219500000,0.581750000,8.50,0.00,3.00
54,1574108462.656608100,3656953262.656608100,8.50,0.00,3.00,60.092000000,-1.282700000,0.581830000,8.50,0.00,3.00
54,1574108462.956518170,3656953262.956518170,8.50,0.00,3.00,60.089000000,-1.277100000,0.581910000,8.50,0.00,3.00
54,1574108463.257287020,3656953263.257287020,8.50,0.00,3.00,60.087000000,-1.294500000,0.581930000,8.50,0.00,3.00
54,1574108463.556832310,3656953263.556832310,8.50,0.00,3.00,60.082000000,-1.271100000,0.581970000,8.50,0.00,3.00
55,1574108469.544753550,3656953269.544753550,8.50,0.00,5.00,53.551000000,2.749600000,0.616490000,8.50,0.00,5.00
55,1574108469.844470500,3656953269.844470500,8.50,0.00,5.00,53.542000000,1.640900000,0.616480000,8.50,0.00,5.00
55,1574108470.145488260,3656953270.145488260,8.50,0.00,5.00,53.510000000,1.357100000,0.616510000,8.50,0.00,5.00
55,1574108470.445500850,3656953270.445500850,8.50,0.00,5.00,53.481000000,1.280600000,0.616530000,8.50,0.00,5.00
55,1574108470.745518210,3656953270.745518210,8.50,0.00,5.00,53.452000000,1.341300000,0.616540000,8.50,0.00,5.00
56,1574108479.962901590,3656953279.962901590,8.50,0.00,7.00,50.555000000,4.938400000,0.646370000,8.50,0.00,7.00
56,1574108480.262414930,3656953280.262414930,8.50,0.00,7.00,50.757000000,5.019500000,0.646400000,8.50,0.00,7.00
56,1574108480.563496110,3656953280.563496110,8.50,0.00,7.00,50.713000000,5.058800000,0.646440000,8.50,0.00,7.00
56,1574108480.864493370,3656953280.864493370,8.50,0.00,7.00,49.686000000,5.188800000,0.646570000,8.50,0.00,7.00
56,1574108481.165514470,3656953281.165514470,8.50,0.00,7.00,48.475000000,5.285700000,0.646710000,8.50,0.00,7.00
57,1574108488.099615100,3656953288.099615100,8.50,0.00,9.00,34.358000000,6.654300000,0.670210000,8.50,0.00,9.00
57,1574108488.400073530,3656953288.400073530,8.50,0.00,9.00,34.354000000,6.652500000,0.670210000,8.50,0.00,9.00
57,1574108488.701138500,3656953288.701138500,8.50,0.00,9.00,34.358000000,6.622100000,0.670210000,8.50,0.00,9.00
57,1574108489.002146720,3656953289.002146720,8.50,0.00,9.00,34.352000000,6.639200000,0.670210000,8.50,0.00,9.00
57,1574108489.303151130,3656953289.303151130,8.50,0.00,9.00,34.344000000,6.662500000,0.670210000,8.50,0.00,9.00
58,1574108495.365411760,3656953295.365411760,8.50,0.00,11.00,22.305000000,9.062700000,0.690930000,8.50,0.00,11.00
58,1574108495.666718960,3656953295.666718960,8.50,0.00,11.00,22.305000000,9.090200000,0.690940000,8.50,0.00,11.00
58,1574108495.967742920,3656953295.967742920,8.50,0.00,11.00,22.305000000,9.078400000,0.690940000,8.50,0.00,11.00
58,1574108496.268756390,3656953296.268756390,8.50,0.00,11.00,22.303000000,9.059600000,0.690940000,8.50,0.00,11.00
58,1574108496.569764610,3656953296.569764610,8.50,0.00,11.00,22.291000000,9.066200000,0.690930000,8.50,0.00,11.00
59,1574108502.985498430,3656953302.985498430,8.50,0.00,13.00,10.823500000,10.585200000,0.703820000,8.50,0.00,13.00
59,1574108503.286084170,3656953303.286084170,8.50,0.00,13.00,10.823500000,10.632400000,0.703820000,8.50,0.00,13.00
59,1574108503.587189670,3656953303.587189670,8.50,0.00,13.00,10.821400000,10.642500000,0.703840000,8.50,0.00,13.00
59,1574108503.888199330,3656953303.888199330,8.50,0.00,13.00,10.819800000,10.644000000,0.703830000,8.50,0.00,13.00
59,1574108504.188209060,3656953304.188209060,8.50,0.00,13.00,10.818200000,10.638300000,0.703840000,8.50,0.00,13.00
60,1574108510.585012440,3656953310.585012440,8.50,0.00,15.00,-0.061300000,12.362400000,0.710100000,8.50,0.00,15.00
60,1574108510.884323120,3656953310.884323120,8.50,0.00,15.00,-0.057900000,12.366600000,0.710100000,8.50,0.00,15.00
60,1574108511.184471610,3656953311.184471610,8.50,0.00,15.00,-0.056700000,12.375500000,0.710110000,8.50,0.00,15.00
60,1574108511.485158440,3656953311.485158440,8.50,0.00,15.00,-0.056100000,12.377000000,0.710100000,8.50,0.00,15.00
60,1574108511.784785270,3656953311.784785270,8.50,0.00,15.00,-0.060200000,12.381600000,0.710100000,8.50,0.00,15.00
61,1574108520.000656130,3656953320.000656130,8.50,0.00,17.00,-9.841500000,12.750200000,0.710390000,8.50,0.00,17.00
61,1574108520.302103040,3656953320.302103040,8.50,0.00,17.00,-9.839200000,12.738800000,0.710360000,8.50,0.00,17.00
61,1574108520.601301670,3656953320.601301670,8.50,0.00,17.00,-9.837200000,12.728600000,0.710370000,8.50,0.00,17.00
61,1574108520.902305600,3656953320.902305600,8.50,0.00,17.00,-9.839500000,12.721400000,0.710390000,8.50,0.00,17.00
61,1574108521.203307150,3656953321.203307150,8.50,0.00,17.00,-9.841400000,12.713900000,0.710390000,8.50,0.00,17.00
62,1574108527.486758230,3656953327.486758230,8.50,0.00,19.00,-19.359500000,12.335100000,0.705000000,8.50,0.00,19.00
62,1574108527.787258620,3656953327.787258620,8.50,0.00,19.00,-19.356800000,12.381100000,0.705010000,8.50,0.00,19.00
62,1574108528.087278370,3656953328.087278360,8.50,0.00,19.00,-19.353500000,12.431700000,0.705010000,8.50,0.00,19.00
62,1574108528.387284280,3656953328.387284280,8.50,0.00,19.00,-19.360500000,12.472900000,0.704980000,8.50,0.00,19.00
62,1574108528.686294080,3656953328.686294080,8.50,0.00,19.00,-19.401400000,12.347700000,0.704940000,8.50,0.00,19.00
63,1574108535.404871940,3656953335.404871940,8.50,0.00,21.00,-27.350300000,10.734100000,0.694690000,8.50,0.00,21.00
63,1574108535.704514500,3656953335.704514500,8.50,0.00,21.00,-27.354700000,10.748200000,0.694710000,8.50,0.00,21.00
63,1574108536.004533770,3656953336.004533770,8.50,0.00,21.00,-27.358700000,10.764400000,0.694710000,8.50,0.00,21.00
63,1574108536.305540560,3656953336.305540560,8.50,0.00,21.00,-27.363900000,10.776600000,0.694700000,8.50,0.00,21.00
63,1574108536.605542180,3656953336.605542180,8.50,0.00,21.00,-27.371000000,10.781300000,0.694710000,8.50,0.00,21.00
64,1574108543.657087330,3656953343.657087320,8.50,0.00,23.00,-34.152000000,4.657900000,0.677710000,8.50,0.00,23.00
64,1574108543.956294060,3656953343.956294060,8.50,0.00,23.00,-34.151000000,4.709400000,0.677720000,8.50,0.00,23.00
64,1574108544.256312850,3656953344.256312850,8.50,0.00,23.00,-34.149000000,4.772800000,0.677720000,8.50,0.00,23.00
64,1574108544.556328300,3656953344.556328300,8.50,0.00,23.00,-34.143000000,4.944300000,0.677720000,8.50,0.00,23.00
64,1574108544.856342320,3656953344.856342310,8.50,0.00,23.00,-34.135000000,4.827400000,0.677730000,8.50,0.00,23.00
