0,1573708156.656026360,3656552956.656026360,-3.00,0.00,-5.00,-0.023325000,0.005890000,-0.123085000,-3.00,0.00,-5.00
0,1573708157.655712600,3656552957.655712600,-3.00,0.00,-5.00,-0.023310000,0.005898000,-0.123097000,-3.00,0.00,-5.00
0,1573708158.655360700,3656552958.655360700,-3.00,0.00,-5.00,-0.023314000,0.005860000,-0.123212000,-3.00,0.00,-5.00
0,1573708159.655354500,3656552959.655354500,-3.00,0.00,-5.00,-0.023308000,0.005854000,-0.123251000,-3.00,0.00,-5.00
0,1573708160.656050680,3656552960.656050680,-3.00,0.00,-5.00,-0.023316000,0.005846000,-0.123273000,-3.00,0.00,-5.00
1,1573708167.312605380,3656552967.312605380,-3.00,0.00,-6.00,-0.019660000,-0.003037000,-0.096862000,-3.00,0.00,-6.00
1,1573708168.312664510,3656552968.312664510,-3.00,0.00,-6.00,-0.019658000,-0.003039000,-0.096865000,-3.00,0.00,-6.00
1,1573708169.312555790,3656552969.312555790,-3.00,0.00,-6.00,-0.019657000,-0.003039000,-0.096860000,-3.00,0.00,-6.00
1,1573708170.312621590,3656552970.312621590,-3.00,0.00,-6.00,-0.019654000,-0.003036000,-0.096891000,-3.00,0.00,-6.00
1,1573708171.312539580,3656552971.312539580,-3.00,0.00,-6.00,-0.019654000,-0.003032000,-0.096911000,-3.00,0.00,-6.00
2,1573708177.849501130,3656552977.849501130,-3.00,0.00,-7.00,-0.017529000,-0.007423000,-0.087003000,-3.00,0.00,-7.00
2,1573708178.849560740,3656552978.849560740,-3.00,0.00,-7.00,-0.017527000,-0.007430000,-0.087021000,-3.00,0.00,-7.00
2,1573708179.849998950,3656552979.849998950,-3.00,0.00,-7.00,-0.017531000,-0.007441000,-0.086994000,-3.00,0.00,-7.00
2,1573708180.849679470,3656552980.849679470,-3.00,0.00,-7.00,-0.017526000,-0.007438000,-0.087011000,-3.00,0.00,-7.00
2,1573708181.849623680,3656552981.849623680,-3.00,0.00,-7.00,-0.017526000,-0.007440000,-0.087007000,-3.00,0.00,-7.00
3,1573708188.024788380,3656552988.024788380,-3.00,0.00,-8.00,-0.015911000,-0.008198000,-0.085232000,-3.00,0.00,-8.00
3,1573708189.026260850,3656552989.026260850,-3.00,0.00,-8.00,-0.015924000,-0.008205000,-0.085223000,-3.00,0.00,-8.00
3,1573708190.025844570,3656552990.025844570,-3.00,0.00,-8.00,-0.015926000,-0.008199000,-0.085242000,-3.00,0.00,-8.00
3,1573708191.025503160,3656552991.025503160,-3.00,0.00,-8.00,-0.015927000,-0.008198000,-0.085240000,-3.00,0.00,-8.00
3,1573708192.025906090,3656552992.025906080,-3.00,0.00,-8.00,-0.015924000,-0.008197000,-0.085235000,-3.00,0.00,-8.00
4,1573708198.382352830,3656552998.382352830,-3.00,0.00,-9.00,-0.014212000,-0.005925000,-0.085686000,-3.00,0.00,-9.00
4,1573708199.382729530,3656552999.382729530,-3.00,0.00,-9.00,-0.014211000,-0.005927000,-0.085667000,-3.00,0.00,-9.00
4,1573708200.383224010,3656553000.383224010,-3.00,0.00,-9.00,-0.014213000,-0.005924000,-0.085671000,-3.00,0.00,-9.00
4,1573708201.382777210,3656553001.382777210,-3.00,0.00,-9.00,-0.014212000,-0.005922000,-0.085669000,-3.00,0.00,-9.00
4,1573708202.382587430,3656553002.382587430,-3.00,0.00,-9.00,-0.014216000,-0.005922000,-0.085672000,-3.00,0.00,-9.00
5,1573708208.505542280,3656553008.505542280,-3.00,0.00,-10.00,-0.012398000,-0.002491000,-0.085880000,-3.00,0.00,-10.00
5,1573708209.505810260,3656553009.505810260,-3.00,0.00,-10.00,-0.012387000,-0.002489000,-0.085892000,-3.00,0.00,-10.00
5,1573708210.505471230,3656553010.505471230,-3.00,0.00,-10.00,-0.012388000,-0.002494000,-0.085883000,-3.00,0.00,-10.00
5,1573708211.505791660,3656553011.505791660,-3.00,0.00,-10.00,-0.012399000,-0.002486000,-0.085894000,-3.00,0.00,-10.00
5,1573708212.507129670,3656553012.507129670,-3.00,0.00,-10.00,-0.012389000,-0.002494000,-0.085912000,-3.00,0.00,-10.00
6,1573708219.527451990,3656553019.527451990,-3.00,0.00,-11.00,-0.010345000,0.000834000,-0.085490000,-3.00,0.00,-11.00
6,1573708220.527597900,3656553020.527597900,-3.00,0.00,-11.00,-0.010318000,0.000817000,-0.085463000,-3.00,0.00,-11.00
6,1573708221.527732370,3656553021.527732370,-3.00,0.00,-11.00,-0.010323000,0.000814000,-0.085432000,-3.00,0.00,-11.00
6,1573708222.528205390,3656553022.528205390,-3.00,0.00,-11.00,-0.010326000,0.000814000,-0.085416000,-3.00,0.00,-11.00
6,1573708223.527676100,3656553023.527676100,-3.00,0.00,-11.00,-0.010334000,0.000821000,-0.085415000,-3.00,0.00,-11.00
7,1573708231.526755810,3656553031.526755810,-3.00,0.00,-12.00,-0.007995000,0.003240000,-0.084403000,-3.00,0.00,-12.00
7,1573708232.528131960,3656553032.528131960,-3.00,0.00,-12.00,-0.007977000,0.003232000,-0.084401000,-3.00,0.00,-12.00
7,1573708233.527673240,3656553033.527673240,-3.00,0.00,-12.00,-0.007984000,0.003225000,-0.084370000,-3.00,0.00,-12.00
7,1573708234.527787680,3656553034.527787680,-3.00,0.00,-12.00,-0.007981000,0.003238000,-0.084418000,-3.00,0.00,-12.00
7,1573708235.527568340,3656553035.527568340,-3.00,0.00,-12.00,-0.007981000,0.003236000,-0.084398000,-3.00,0.00,-12.00
8,1573708245.903150080,3656553045.903150080,-3.00,0.00,-13.00,-0.005336000,0.004441000,-0.082907000,-3.00,0.00,-13.00
8,1573708246.903855320,3656553046.903855320,-3.00,0.00,-13.00,-0.005336000,0.004443000,-0.082880000,-3.00,0.00,-13.00
8,1573708247.903963090,3656553047.903963090,-3.00,0.00,-13.00,-0.005339000,0.004446000,-0.082909000,-3.00,0.00,-13.00
8,1573708248.903957370,3656553048.903957370,-3.00,0.00,-13.00,-0.005340000,0.004443000,-0.082897000,-3.00,0.00,-13.00
8,1573708249.904026030,3656553049.904026030,-3.00,0.00,-13.00,-0.005336000,0.004441000,-0.082923000,-3.00,0.00,-13.00
9,1573708256.693247320,3656553056.693247320,-3.00,0.00,-14.00,-0.002349000,0.004785000,-0.081209000,-3.00,0.00,-14.00
9,1573708257.692721370,3656553057.692721370,-3.00,0.00,-14.00,-0.002348000,0.004790000,-0.081204000,-3.00,0.00,-14.00
9,1573708258.693077560,3656553058.693077560,-3.00,0.00,-14.00,-0.002347000,0.004785000,-0.081204000,-3.00,0.00,-14.00
9,1573708259.692776200,3656553059.692776200,-3.00,0.00,-14.00,-0.002352000,0.004785000,-0.081207000,-3.00,0.00,-14.00
9,1573708260.692816730,3656553060.692816730,-3.00,0.00,-14.00,-0.002350000,0.004786000,-0.081206000,-3.00,0.00,-14.00
10,1573708268.802652840,3656553068.802652830,-3.00,0.00,-15.00,0.000993000,0.004976000,-0.079516000,-3.00,0.00,-15.00
10,1573708269.803233620,3656553069.803233620,-3.00,0.00,-15.00,0.000990000,0.004977000,-0.079513000,-3.00,0.00,-15.00
10,1573708270.802352430,3656553070.802352430,-3.00,0.00,-15.00,0.000990000,0.004974000,-0.079513000,-3.00,0.00,-15.00
10,1573708271.802855970,3656553071.802855970,-3.00,0.00,-15.00,0.000988000,0.004976000,-0.079482000,-3.00,0.00,-15.00
10,1573708272.804334640,3656553072.804334640,-3.00,0.00,-15.00,0.000990000,0.004974000,-0.079470000,-3.00,0.00,-15.00
11,1573708278.641386030,3656553078.641386030,-3.00,0.00,-16.00,0.003639000,0.005532000,-0.078390000,-3.00,0.00,-16.00
11,1573708279.642896180,3656553079.642896170,-3.00,0.00,-16.00,0.003638000,0.005530000,-0.078370000,-3.00,0.00,-16.00
11,1573708280.642429830,3656553080.642429830,-3.00,0.00,-16.00,0.003638000,0.005535000,-0.078364000,-3.00,0.00,-16.00
11,1573708281.643029210,3656553081.643029210,-3.00,0.00,-16.00,0.003633000,0.005529000,-0.078373000,-3.00,0.00,-16.00
11,1573708282.642608640,3656553082.642608640,-3.00,0.00,-16.00,0.003633000,0.005535000,-0.078391000,-3.00,0.00,-16.00
12,1573708301.614856720,3656553101.614856720,-3.00,0.00,-17.00,0.006556000,0.006865000,-0.077515000,-3.00,0.00,-17.00
12,1573708302.614348410,3656553102.614348410,-3.00,0.00,-17.00,0.006551000,0.006864000,-0.077520000,-3.00,0.00,-17.00
12,1573708303.614807610,3656553103.614807600,-3.00,0.00,-17.00,0.006557000,0.006868000,-0.077520000,-3.00,0.00,-17.00
12,1573708304.614976410,3656553104.614976400,-3.00,0.00,-17.00,0.006557000,0.006871000,-0.077522000,-3.00,0.00,-17.00
12,1573708305.614833350,3656553105.614833350,-3.00,0.00,-17.00,0.006563000,0.006871000,-0.077514000,-3.00,0.00,-17.00
13,1573708310.983693600,3656553110.983693600,-3.00,0.00,-18.00,0.010109000,0.008200000,-0.078179000,-3.00,0.00,-18.00
13,1573708311.983756060,3656553111.983756060,-3.00,0.00,-18.00,0.010106000,0.008199000,-0.078161000,-3.00,0.00,-18.00
13,1573708312.984101770,3656553112.984101770,-3.00,0.00,-18.00,0.010100000,0.008195000,-0.078170000,-3.00,0.00,-18.00
13,1573708313.983670710,3656553113.983670710,-3.00,0.00,-18.00,0.010105000,0.008199000,-0.078178000,-3.00,0.00,-18.00
13,1573708314.983719830,3656553114.983719820,-3.00,0.00,-18.00,0.010100000,0.008197000,-0.078138000,-3.00,0.00,-18.00
14,1573708321.765782830,3656553121.765782830,-3.00,0.00,-19.00,0.015803000,0.008543000,-0.082866000,-3.00,0.00,-19.00
14,1573708322.766004560,3656553122.766004560,-3.00,0.00,-19.00,0.015795000,0.008538000,-0.082852000,-3.00,0.00,-19.00
14,1573708323.765916350,3656553123.765916350,-3.00,0.00,-19.00,0.015796000,0.008540000,-0.082865000,-3.00,0.00,-19.00
14,1573708324.766959670,3656553124.766959670,-3.00,0.00,-19.00,0.015796000,0.008538000,-0.082866000,-3.00,0.00,-19.00
14,1573708325.768247600,3656553125.768247600,-3.00,0.00,-19.00,0.015802000,0.008537000,-0.082875000,-3.00,0.00,-19.00
15,1573708332.948010920,3656553132.948010920,-3.00,0.00,-20.00,0.026380000,0.007543000,-0.096571000,-3.00,0.00,-20.00
15,1573708333.948151110,3656553133.948151110,-3.00,0.00,-20.00,0.026414000,0.007546000,-0.096521000,-3.00,0.00,-20.00
15,1573708334.947499750,3656553134.947499750,-3.00,0.00,-20.00,0.026448000,0.007527000,-0.096666000,-3.00,0.00,-20.00
15,1573708335.948080060,3656553135.948080060,-3.00,0.00,-20.00,0.026533000,0.007518000,-0.096814000,-3.00,0.00,-20.00
15,1573708336.948835850,3656553136.948835850,-3.00,0.00,-20.00,0.026659000,0.007502000,-0.097024000,-3.00,0.00,-20.00
16,1573708346.656117920,3656553146.656117920,-3.00,0.00,-21.00,0.043706000,0.005669000,-0.123553000,-3.00,0.00,-21.00
16,1573708347.656119820,3656553147.656119820,-3.00,0.00,-21.00,0.043758000,0.005665000,-0.123628000,-3.00,0.00,-21.00
16,1573708348.655628200,3656553148.655628200,-3.00,0.00,-21.00,0.043760000,0.005670000,-0.123652000,-3.00,0.00,-21.00
16,1573708349.656085970,3656553149.656085970,-3.00,0.00,-21.00,0.043768000,0.005667000,-0.123654000,-3.00,0.00,-21.00
16,1573708350.656281950,3656553150.656281950,-3.00,0.00,-21.00,0.043741000,0.005669000,-0.123630000,-3.00,0.00,-21.00
17,1573708358.060771940,3656553158.060771940,-3.00,0.00,-22.00,0.079366000,0.002459000,-0.187002000,-3.00,0.00,-22.00
17,1573708359.061657910,3656553159.061657900,-3.00,0.00,-22.00,0.079406000,0.002463000,-0.186991000,-3.00,0.00,-22.00
17,1573708360.061765670,3656553160.061765670,-3.00,0.00,-22.00,0.079412000,0.002464000,-0.186991000,-3.00,0.00,-22.00
17,1573708361.062275410,3656553161.062275410,-3.00,0.00,-22.00,0.079447000,0.002464000,-0.187026000,-3.00,0.00,-22.00
17,1573708362.062144280,3656553162.062144280,-3.00,0.00,-22.00,0.079448000,0.002447000,-0.186997000,-3.00,0.00,-22.00
18,1573708367.333185200,3656553167.333185200,-3.00,0.00,-23.00,0.140729000,-0.002000000,-0.311180000,-3.00,0.00,-23.00
18,1573708368.332371230,3656553168.332371230,-3.00,0.00,-23.00,0.141075000,-0.002027000,-0.311180000,-3.00,0.00,-23.00
18,1573708369.333298210,3656553169.333298210,-3.00,0.00,-23.00,0.141072000,-0.002018000,-0.311220000,-3.00,0.00,-23.00
18,1573708370.332522870,3656553170.332522870,-3.00,0.00,-23.00,0.141182000,-0.002038000,-0.311550000,-3.00,0.00,-23.00
18,1573708371.332968710,3656553171.332968710,-3.00,0.00,-23.00,0.141339000,-0.002035000,-0.311740000,-3.00,0.00,-23.00
19,1573708379.077903750,3656553179.077903750,-3.00,0.00,-24.00,0.240070000,-0.007094000,-0.548660000,-3.00,0.00,-24.00
19,1573708380.078080650,3656553180.078080650,-3.00,0.00,-24.00,0.240210000,-0.009069000,-0.547970000,-3.00,0.00,-24.00
19,1573708381.077843670,3656553181.077843660,-3.00,0.00,-24.00,0.240120000,-0.009072000,-0.548080000,-3.00,0.00,-24.00
19,1573708382.077646730,3656553182.077646730,-3.00,0.00,-24.00,0.241610000,-0.009607000,-0.555060000,-3.00,0.00,-24.00
19,1573708383.078322410,3656553183.078322410,-3.00,0.00,-24.00,0.239970000,-0.009090000,-0.551520000,-3.00,0.00,-24.00
20,1573708604.197395800,3656553404.197395800,-1.00,0.00,-5.00,-0.011181000,0.006538000,-0.128760000,-1.00,0.00,-5.00
20,1573708605.197705270,3656553405.197705270,-1.00,0.00,-5.00,-0.011184000,0.006517000,-0.128816000,-1.00,0.00,-5.00
20,1573708606.198325160,3656553406.198325160,-1.00,0.00,-5.00,-0.011178000,0.006509000,-0.128858000,-1.00,0.00,-5.00
20,1573708607.197454930,3656553407.197454930,-1.00,0.00,-5.00,-0.011170000,0.006506000,-0.128865000,-1.00,0.00,-5.00
20,1573708608.198359970,3656553408.198359970,-1.00,0.00,-5.00,-0.011171000,0.006509000,-0.128845000,-1.00,0.00,-5.00
21,1573708616.285745620,3656553416.285745620,-1.00,0.00,-6.00,-0.013439000,-0.003558000,-0.100036000,-1.00,0.00,-6.00
21,1573708617.285405160,3656553417.285405160,-1.00,0.00,-6.00,-0.013435000,-0.003557000,-0.100047000,-1.00,0.00,-6.00
21,1573708618.285682680,3656553418.285682680,-1.00,0.00,-6.00,-0.013430000,-0.003560000,-0.100036000,-1.00,0.00,-6.00
21,1573708619.286188600,3656553419.286188600,-1.00,0.00,-6.00,-0.013431000,-0.003561000,-0.100031000,-1.00,0.00,-6.00
21,1573708620.286307810,3656553420.286307810,-1.00,0.00,-6.00,-0.013434000,-0.003562000,-0.100019000,-1.00,0.00,-6.00
22,1573708628.393017290,3656553428.393017290,-1.00,0.00,-7.00,-0.014601000,-0.008737000,-0.087416000,-1.00,0.00,-7.00
22,1573708629.393719200,3656553429.393719200,-1.00,0.00,-7.00,-0.014604000,-0.008744000,-0.087407000,-1.00,0.00,-7.00
22,1573708630.393610480,3656553430.393610480,-1.00,0.00,-7.00,-0.014604000,-0.008740000,-0.087413000,-1.00,0.00,-7.00
22,1573708631.393477920,3656553431.393477920,-1.00,0.00,-7.00,-0.014604000,-0.008743000,-0.087414000,-1.00,0.00,-7.00
22,1573708632.393496510,3656553432.393496510,-1.00,0.00,-7.00,-0.014603000,-0.008743000,-0.087405000,-1.00,0.00,-7.00
23,1573708633.397173880,3656553433.397173880,-1.00,0.00,-7.00,-0.014610000,-0.008740000,-0.087393000,-1.00,0.00,-7.00
23,1573708634.396673680,3656553434.396673680,-1.00,0.00,-7.00,-0.014610000,-0.008744000,-0.087383000,-1.00,0.00,-7.00
23,1573708635.397308830,3656553435.397308830,-1.00,0.00,-7.00,-0.014609000,-0.008733000,-0.087385000,-1.00,0.00,-7.00
23,1573708636.396770480,3656553436.396770480,-1.00,0.00,-7.00,-0.014610000,-0.008739000,-0.087385000,-1.00,0.00,-7.00
23,1573708637.396695140,3656553437.396695140,-1.00,0.00,-7.00,-0.014610000,-0.008735000,-0.087384000,-1.00,0.00,-7.00
24,1573708638.400375840,3656553438.400375840,-1.00,0.00,-7.00,-0.014612000,-0.008740000,-0.087390000,-1.00,0.00,-7.00
24,1573708639.400614740,3656553439.400614740,-1.00,0.00,-7.00,-0.014610000,-0.008741000,-0.087388000,-1.00,0.00,-7.00
24,1573708640.401046280,3656553440.401046280,-1.00,0.00,-7.00,-0.014610000,-0.008741000,-0.087389000,-1.00,0.00,-7.00
24,1573708641.400475980,3656553441.400475980,-1.00,0.00,-7.00,-0.014604000,-0.008739000,-0.087395000,-1.00,0.00,-7.00
24,1573708642.401301380,3656553442.401301380,-1.00,0.00,-7.00,-0.014609000,-0.008740000,-0.087389000,-1.00,0.00,-7.00
25,1573708658.947282790,3656553458.947282790,-1.00,0.00,-8.00,-0.014913000,-0.009714000,-0.085149000,-1.00,0.00,-8.00
25,1573708659.946784970,3656553459.946784970,-1.00,0.00,-8.00,-0.014915000,-0.009705000,-0.085158000,-1.00,0.00,-8.00
25,1573708660.947043420,3656553460.947043420,-1.00,0.00,-8.00,-0.014913000,-0.009707000,-0.085149000,-1.00,0.00,-8.00
25,1573708661.946856020,3656553461.946856020,-1.00,0.00,-8.00,-0.014924000,-0.009699000,-0.085154000,-1.00,0.00,-8.00
25,1573708662.947230340,3656553462.947230340,-1.00,0.00,-8.00,-0.014916000,-0.009712000,-0.085154000,-1.00,0.00,-8.00
26,1573708684.638348100,3656553484.638348100,-1.00,0.00,-9.00,-0.014193000,-0.007452000,-0.086048000,-1.00,0.00,-9.00
26,1573708685.638690950,3656553485.638690950,-1.00,0.00,-9.00,-0.014194000,-0.007455000,-0.086035000,-1.00,0.00,-9.00
26,1573708686.638355730,3656553486.638355730,-1.00,0.00,-9.00,-0.014197000,-0.007453000,-0.086031000,-1.00,0.00,-9.00
26,1573708687.638352390,3656553487.638352390,-1.00,0.00,-9.00,-0.014198000,-0.007455000,-0.086030000,-1.00,0.00,-9.00
26,1573708688.638630870,3656553488.638630870,-1.00,0.00,-9.00,-0.014194000,-0.007457000,-0.086037000,-1.00,0.00,-9.00
27,1573708696.812355040,3656553496.812355040,-1.00,0.00,-10.00,-0.012672000,-0.003999000,-0.086763000,-1.00,0.00,-10.00
27,1573708697.813194750,3656553497.813194750,-1.00,0.00,-10.00,-0.012674000,-0.004004000,-0.086755000,-1.00,0.00,-10.00
27,1573708698.812587260,3656553498.812587260,-1.00,0.00,-10.00,-0.012668000,-0.004006000,-0.086730000,-1.00,0.00,-10.00
27,1573708699.814126970,3656553499.814126970,-1.00,0.00,-10.00,-0.012678000,-0.003996000,-0.086754000,-1.00,0.00,-10.00
27,1573708700.813562870,3656553500.813562870,-1.00,0.00,-10.00,-0.012679000,-0.003997000,-0.086754000,-1.00,0.00,-10.00
28,1573708707.641835210,3656553507.641835210,-1.00,0.00,-11.00,-0.010433000,-0.000529000,-0.086752000,-1.00,0.00,-11.00
28,1573708708.641564370,3656553508.641564370,-1.00,0.00,-11.00,-0.010431000,-0.000534000,-0.086724000,-1.00,0.00,-11.00
28,1573708709.642063620,3656553509.642063620,-1.00,0.00,-11.00,-0.010430000,-0.000528000,-0.086743000,-1.00,0.00,-11.00
28,1573708710.642960070,3656553510.642960070,-1.00,0.00,-11.00,-0.010427000,-0.000529000,-0.086768000,-1.00,0.00,-11.00
28,1573708711.642951010,3656553511.642951010,-1.00,0.00,-11.00,-0.010424000,-0.000529000,-0.086768000,-1.00,0.00,-11.00
29,1573708719.460620880,3656553519.460620880,-1.00,0.00,-12.00,-0.007932000,0.001961000,-0.085979000,-1.00,0.00,-12.00
29,1573708720.461343290,3656553520.461343290,-1.00,0.00,-12.00,-0.007936000,0.001960000,-0.085992000,-1.00,0.00,-12.00
29,1573708721.461323740,3656553521.461323740,-1.00,0.00,-12.00,-0.007964000,0.001964000,-0.086027000,-1.00,0.00,-12.00
29,1573708722.460500720,3656553522.460500720,-1.00,0.00,-12.00,-0.007936000,0.001974000,-0.086060000,-1.00,0.00,-12.00
29,1573708723.460713860,3656553523.460713860,-1.00,0.00,-12.00,-0.007925000,0.001960000,-0.085992000,-1.00,0.00,-12.00
30,1573708730.922147270,3656553530.922147270,-1.00,0.00,-13.00,-0.005476000,0.003315000,-0.084879000,-1.00,0.00,-13.00
30,1573708731.921709060,3656553531.921709060,-1.00,0.00,-13.00,-0.005477000,0.003315000,-0.084871000,-1.00,0.00,-13.00
30,1573708732.921574120,3656553532.921574110,-1.00,0.00,-13.00,-0.005479000,0.003314000,-0.084868000,-1.00,0.00,-13.00
30,1573708733.921752930,3656553533.921752930,-1.00,0.00,-13.00,-0.005475000,0.003317000,-0.084861000,-1.00,0.00,-13.00
30,1573708734.921926970,3656553534.921926970,-1.00,0.00,-13.00,-0.005484000,0.003317000,-0.084867000,-1.00,0.00,-13.00
31,1573708744.372641090,3656553544.372641090,-1.00,0.00,-14.00,-0.002826000,0.004122000,-0.083436000,-1.00,0.00,-14.00
31,1573708745.372726920,3656553545.372726920,-1.00,0.00,-14.00,-0.002833000,0.004119000,-0.083432000,-1.00,0.00,-14.00
31,1573708746.372432710,3656553546.372432710,-1.00,0.00,-14.00,-0.002828000,0.004122000,-0.083416000,-1.00,0.00,-14.00
31,1573708747.372654440,3656553547.372654440,-1.00,0.00,-14.00,-0.002828000,0.004124000,-0.083426000,-1.00,0.00,-14.00
31,1573708748.372539040,3656553548.372539040,-1.00,0.00,-14.00,-0.002828000,0.004124000,-0.083429000,-1.00,0.00,-14.00
32,1573708756.891594890,3656553556.891594890,-1.00,0.00,-15.00,-0.000378000,0.004808000,-0.081942000,-1.00,0.00,-15.00
32,1573708757.892196650,3656553557.892196650,-1.00,0.00,-15.00,-0.000280000,0.004839000,-0.081863000,-1.00,0.00,-15.00
32,1573708758.892262940,3656553558.892262930,-1.00,0.00,-15.00,-0.000279000,0.004848000,-0.081854000,-1.00,0.00,-15.00
32,1573708759.892337800,3656553559.892337800,-1.00,0.00,-15.00,-0.000276000,0.004852000,-0.081857000,-1.00,0.00,-15.00
32,1573708760.891784670,3656553560.891784670,-1.00,0.00,-15.00,-0.000282000,0.004853000,-0.081881000,-1.00,0.00,-15.00
33,1573708770.602017400,3656553570.602017400,-1.00,0.00,-16.00,0.001968000,0.005997000,-0.080388000,-1.00,0.00,-16.00
33,1573708771.601873400,3656553571.601873400,-1.00,0.00,-16.00,0.001965000,0.005997000,-0.080397000,-1.00,0.00,-16.00
33,1573708772.601687910,3656553572.601687910,-1.00,0.00,-16.00,0.001966000,0.005999000,-0.080401000,-1.00,0.00,-16.00
33,1573708773.601898670,3656553573.601898670,-1.00,0.00,-16.00,0.001962000,0.005998000,-0.080400000,-1.00,0.00,-16.00
33,1573708774.603212360,3656553574.603212360,-1.00,0.00,-16.00,0.001966000,0.006002000,-0.080390000,-1.00,0.00,-16.00
34,1573708782.754971030,3656553582.754971030,-1.00,0.00,-17.00,0.003614000,0.007475000,-0.079385000,-1.00,0.00,-17.00
34,1573708783.754429820,3656553583.754429820,-1.00,0.00,-17.00,0.003609000,0.007476000,-0.079395000,-1.00,0.00,-17.00
34,1573708784.754459380,3656553584.754459380,-1.00,0.00,-17.00,0.003612000,0.007478000,-0.079389000,-1.00,0.00,-17.00
34,1573708785.755340580,3656553585.755340580,-1.00,0.00,-17.00,0.003614000,0.007481000,-0.079379000,-1.00,0.00,-17.00
34,1573708786.754870410,3656553586.754870410,-1.00,0.00,-17.00,0.003613000,0.007481000,-0.079375000,-1.00,0.00,-17.00
35,1573708795.123336310,3656553595.123336310,-1.00,0.00,-18.00,0.005194000,0.008792000,-0.079813000,-1.00,0.00,-18.00
35,1573708796.122779850,3656553596.122779840,-1.00,0.00,-18.00,0.005184000,0.008792000,-0.079812000,-1.00,0.00,-18.00
35,1573708797.122776980,3656553597.122776980,-1.00,0.00,-18.00,0.005206000,0.008803000,-0.079791000,-1.00,0.00,-18.00
35,1573708798.122432710,3656553598.122432710,-1.00,0.00,-18.00,0.005197000,0.008805000,-0.079763000,-1.00,0.00,-18.00
35,1573708799.122907160,3656553599.122907160,-1.00,0.00,-18.00,0.005201000,0.008805000,-0.079747000,-1.00,0.00,-18.00
36,1573708807.836090090,3656553607.836090090,-1.00,0.00,-19.00,0.007086000,0.008961000,-0.084543000,-1.00,0.00,-19.00
36,1573708808.837240700,3656553608.837240700,-1.00,0.00,-19.00,0.007098000,0.008963000,-0.084546000,-1.00,0.00,-19.00
36,1573708809.836584570,3656553609.836584570,-1.00,0.00,-19.00,0.007099000,0.008959000,-0.084548000,-1.00,0.00,-19.00
36,1573708810.836392880,3656553610.836392880,-1.00,0.00,-19.00,0.007096000,0.008960000,-0.084546000,-1.00,0.00,-19.00
36,1573708811.836451530,3656553611.836451530,-1.00,0.00,-19.00,0.007098000,0.008958000,-0.084553000,-1.00,0.00,-19.00
37,1573708819.481016160,3656553619.481016160,-1.00,0.00,-20.00,0.010234000,0.007500000,-0.099378000,-1.00,0.00,-20.00
37,1573708820.480422970,3656553620.480422970,-1.00,0.00,-20.00,0.010242000,0.007501000,-0.099369000,-1.00,0.00,-20.00
37,1573708821.481056210,3656553621.481056210,-1.00,0.00,-20.00,0.010239000,0.007502000,-0.099373000,-1.00,0.00,-20.00
37,1573708822.481150630,3656553622.481150630,-1.00,0.00,-20.00,0.010246000,0.007502000,-0.099368000,-1.00,0.00,-20.00
37,1573708823.481953140,3656553623.481953140,-1.00,0.00,-20.00,0.010230000,0.007495000,-0.099426000,-1.00,0.00,-20.00
38,1573708833.565396790,3656553633.565396780,-1.00,0.00,-21.00,0.015565000,0.004815000,-0.132600000,-1.00,0.00,-21.00
38,1573708834.566615580,3656553634.566615580,-1.00,0.00,-21.00,0.015551000,0.004815000,-0.132635000,-1.00,0.00,-21.00
38,1573708835.566641810,3656553635.566641810,-1.00,0.00,-21.00,0.015579000,0.004818000,-0.132616000,-1.00,0.00,-21.00
38,1573708836.566888330,3656553636.566888330,-1.00,0.00,-21.00,0.015566000,0.004817000,-0.132654000,-1.00,0.00,-21.00
38,1573708837.566787720,3656553637.566787720,-1.00,0.00,-21.00,0.015548000,0.004817000,-0.132637000,-1.00,0.00,-21.00
39,1573708845.960017680,3656553645.960017680,-1.00,0.00,-22.00,0.023699000,0.001646000,-0.195912000,-1.00,0.00,-22.00
39,1573708846.959716320,3656553646.959716320,-1.00,0.00,-22.00,0.023660000,0.001636000,-0.195909000,-1.00,0.00,-22.00
39,1573708847.960257530,3656553647.960257530,-1.00,0.00,-22.00,0.023631000,0.001633000,-0.195915000,-1.00,0.00,-22.00
39,1573708848.959828380,3656553648.959828380,-1.00,0.00,-22.00,0.023626000,0.001635000,-0.195911000,-1.00,0.00,-22.00
39,1573708849.959462170,3656553649.959462160,-1.00,0.00,-22.00,0.023633000,0.001634000,-0.195914000,-1.00,0.00,-22.00
40,1573708858.587642190,3656553658.587642190,-1.00,0.00,-23.00,0.035833000,-0.002467000,-0.319900000,-1.00,0.00,-23.00
40,1573708859.588903430,3656553659.588903430,-1.00,0.00,-23.00,0.035859000,-0.002406000,-0.319930000,-1.00,0.00,-23.00
40,1573708860.588795660,3656553660.588795660,-1.00,0.00,-23.00,0.035886000,-0.002415000,-0.319870000,-1.00,0.00,-23.00
40,1573708861.589774130,3656553661.589774130,-1.00,0.00,-23.00,0.035914000,-0.002398000,-0.319880000,-1.00,0.00,-23.00
40,1573708862.589500900,3656553662.589500900,-1.00,0.00,-23.00,0.035853000,-0.002391000,-0.319900000,-1.00,0.00,-23.00
41,1573708871.752228740,3656553671.752228740,-1.00,0.00,-24.00,0.052670000,-0.006292000,-0.557220000,-1.00,0.00,-24.00
41,1573708872.751461510,3656553672.751461500,-1.00,0.00,-24.00,0.052752000,-0.006327000,-0.557020000,-1.00,0.00,-24.00
41,1573708873.752070430,3656553673.752070430,-1.00,0.00,-24.00,0.052757000,-0.006236000,-0.557130000,-1.00,0.00,-24.00
41,1573708874.751853470,3656553674.751853460,-1.00,0.00,-24.00,0.052396000,-0.007060000,-0.556550000,-1.00,0.00,-24.00
41,1573708875.751932140,3656553675.751932140,-1.00,0.00,-24.00,0.052391000,-0.007056000,-0.556570000,-1.00,0.00,-24.00
42,1573709105.687467100,3656553905.687467100,0.00,0.00,-5.00,-0.005366000,0.004950000,-0.125229000,0.00,0.00,-5.00
42,1573709106.687784190,3656553906.687784190,0.00,0.00,-5.00,-0.005428000,0.004838000,-0.125117000,0.00,0.00,-5.00
42,1573709107.687752720,3656553907.687752720,0.00,0.00,-5.00,-0.005420000,0.004837000,-0.125128000,0.00,0.00,-5.00
42,1573709108.689288140,3656553908.689288140,0.00,0.00,-5.00,-0.005416000,0.004837000,-0.125131000,0.00,0.00,-5.00
42,1573709109.688989160,3656553909.688989160,0.00,0.00,-5.00,-0.005428000,0.004838000,-0.125112000,0.00,0.00,-5.00
43,1573709119.030577660,3656553919.030577660,0.00,0.00,-6.00,-0.010295000,-0.004542000,-0.098570000,0.00,0.00,-6.00
43,1573709120.030596260,3656553920.030596260,0.00,0.00,-6.00,-0.010295000,-0.004540000,-0.098557000,0.00,0.00,-6.00
43,1573709121.031354430,3656553921.031354430,0.00,0.00,-6.00,-0.010290000,-0.004535000,-0.098594000,0.00,0.00,-6.00
43,1573709122.032143120,3656553922.032143120,0.00,0.00,-6.00,-0.010290000,-0.004532000,-0.098609000,0.00,0.00,-6.00
43,1573709123.031546120,3656553923.031546110,0.00,0.00,-6.00,-0.010291000,-0.004534000,-0.098606000,0.00,0.00,-6.00
44,1573709132.366066930,3656553932.366066930,0.00,0.00,-7.00,-0.013379000,-0.008960000,-0.087745000,0.00,0.00,-7.00
44,1573709133.366992470,3656553933.366992470,0.00,0.00,-7.00,-0.013377000,-0.008961000,-0.087741000,0.00,0.00,-7.00
44,1573709134.366735460,3656553934.366735460,0.00,0.00,-7.00,-0.013380000,-0.008962000,-0.087740000,0.00,0.00,-7.00
44,1573709135.366549970,3656553935.366549970,0.00,0.00,-7.00,-0.013377000,-0.008964000,-0.087734000,0.00,0.00,-7.00
44,1573709136.366449830,3656553936.366449830,0.00,0.00,-7.00,-0.013373000,-0.008970000,-0.087721000,0.00,0.00,-7.00
45,1573709144.939184190,3656553944.939184190,0.00,0.00,-8.00,-0.014654000,-0.009558000,-0.086232000,0.00,0.00,-8.00
45,1573709145.939012050,3656553945.939012050,0.00,0.00,-8.00,-0.014654000,-0.009563000,-0.086206000,0.00,0.00,-8.00
45,1573709146.938474180,3656553946.938474180,0.00,0.00,-8.00,-0.014656000,-0.009551000,-0.086226000,0.00,0.00,-8.00
45,1573709147.938991070,3656553947.938991070,0.00,0.00,-8.00,-0.014656000,-0.009550000,-0.086202000,0.00,0.00,-8.00
45,1573709148.939806460,3656553948.939806460,0.00,0.00,-8.00,-0.014656000,-0.009550000,-0.086188000,0.00,0.00,-8.00
46,1573709169.559217450,3656553969.559217450,0.00,0.00,-9.00,-0.014374000,-0.007387000,-0.087406000,0.00,0.00,-9.00
46,1573709170.558568950,3656553970.558568950,0.00,0.00,-9.00,-0.014372000,-0.007380000,-0.087413000,0.00,0.00,-9.00
46,1573709171.558750630,3656553971.558750630,0.00,0.00,-9.00,-0.014369000,-0.007389000,-0.087419000,0.00,0.00,-9.00
46,1573709172.558785440,3656553972.558785440,0.00,0.00,-9.00,-0.014368000,-0.007392000,-0.087424000,0.00,0.00,-9.00
46,1573709173.559059620,3656553973.559059620,0.00,0.00,-9.00,-0.014368000,-0.007394000,-0.087424000,0.00,0.00,-9.00
47,1573709190.965939520,3656553990.965939520,0.00,0.00,-10.00,-0.012816000,-0.004045000,-0.088486000,0.00,0.00,-10.00
47,1573709191.966908930,3656553991.966908930,0.00,0.00,-10.00,-0.012812000,-0.004044000,-0.088494000,0.00,0.00,-10.00
47,1573709192.966660980,3656553992.966660980,0.00,0.00,-10.00,-0.012817000,-0.004044000,-0.088504000,0.00,0.00,-10.00
47,1573709193.967211720,3656553993.967211720,0.00,0.00,-10.00,-0.012817000,-0.004044000,-0.088499000,0.00,0.00,-10.00
47,1573709194.968315120,3656553994.968315120,0.00,0.00,-10.00,-0.012806000,-0.004041000,-0.088578000,0.00,0.00,-10.00
48,1573709202.106855870,3656554002.106855870,0.00,0.00,-11.00,-0.010493000,-0.000847000,-0.088760000,0.00,0.00,-11.00
48,1573709203.107995990,3656554003.107995990,0.00,0.00,-11.00,-0.010432000,-0.000776000,-0.088738000,0.00,0.00,-11.00
48,1573709204.107397080,3656554004.107397080,0.00,0.00,-11.00,-0.010431000,-0.000780000,-0.088728000,0.00,0.00,-11.00
48,1573709205.107381820,3656554005.107381820,0.00,0.00,-11.00,-0.010430000,-0.000785000,-0.088735000,0.00,0.00,-11.00
48,1573709206.107961650,3656554006.107961650,0.00,0.00,-11.00,-0.010427000,-0.000783000,-0.088738000,0.00,0.00,-11.00
49,1573709215.569689750,3656554015.569689750,0.00,0.00,-12.00,-0.007804000,0.001662000,-0.088069000,0.00,0.00,-12.00
49,1573709216.569987770,3656554016.569987770,0.00,0.00,-12.00,-0.007808000,0.001659000,-0.088070000,0.00,0.00,-12.00
49,1573709217.569740770,3656554017.569740770,0.00,0.00,-12.00,-0.007809000,0.001661000,-0.088079000,0.00,0.00,-12.00
49,1573709218.571337700,3656554018.571337700,0.00,0.00,-12.00,-0.007811000,0.001664000,-0.088070000,0.00,0.00,-12.00
49,1573709219.571125030,3656554019.571125030,0.00,0.00,-12.00,-0.007811000,0.001660000,-0.088062000,0.00,0.00,-12.00
50,1573709228.058247090,3656554028.058247090,0.00,0.00,-13.00,-0.005128000,0.003198000,-0.086778000,0.00,0.00,-13.00
50,1573709229.058245180,3656554029.058245180,0.00,0.00,-13.00,-0.005123000,0.003199000,-0.086774000,0.00,0.00,-13.00
50,1573709230.057678700,3656554030.057678700,0.00,0.00,-13.00,-0.005125000,0.003197000,-0.086779000,0.00,0.00,-13.00
50,1573709231.058057310,3656554031.058057310,0.00,0.00,-13.00,-0.005121000,0.003198000,-0.086790000,0.00,0.00,-13.00
50,1573709232.058757300,3656554032.058757300,0.00,0.00,-13.00,-0.005124000,0.003195000,-0.086779000,0.00,0.00,-13.00
51,1573709239.375688550,3656554039.375688550,0.00,0.00,-14.00,-0.002431000,0.004178000,-0.085323000,0.00,0.00,-14.00
51,1573709240.376067160,3656554040.376067160,0.00,0.00,-14.00,-0.002429000,0.004177000,-0.085328000,0.00,0.00,-14.00
51,1573709241.375382420,3656554041.375382420,0.00,0.00,-14.00,-0.002429000,0.004174000,-0.085328000,0.00,0.00,-14.00
51,1573709242.375548840,3656554042.375548840,0.00,0.00,-14.00,-0.002429000,0.004173000,-0.085335000,0.00,0.00,-14.00
51,1573709243.375873570,3656554043.375873560,0.00,0.00,-14.00,-0.002431000,0.004177000,-0.085330000,0.00,0.00,-14.00
52,1573709251.694919110,3656554051.694919110,0.00,0.00,-15.00,-0.000074000,0.005233000,-0.083674000,0.00,0.00,-15.00
52,1573709252.695223330,3656554052.695223330,0.00,0.00,-15.00,-0.000079000,0.005233000,-0.083672000,0.00,0.00,-15.00
52,1573709253.695801260,3656554053.695801260,0.00,0.00,-15.00,-0.000076000,0.005230000,-0.083691000,0.00,0.00,-15.00
52,1573709254.695974830,3656554054.695974830,0.00,0.00,-15.00,-0.000085000,0.005233000,-0.083676000,0.00,0.00,-15.00
52,1573709255.696041110,3656554055.696041110,0.00,0.00,-15.00,-0.000083000,0.005239000,-0.083666000,0.00,0.00,-15.00
53,1573709264.257964130,3656554064.257964130,0.00,0.00,-16.00,0.001644000,0.006584000,-0.082146000,0.00,0.00,-16.00
53,1573709265.257386680,3656554065.257386680,0.00,0.00,-16.00,0.001647000,0.006591000,-0.082171000,0.00,0.00,-16.00
53,1573709266.257917880,3656554066.257917880,0.00,0.00,-16.00,0.001643000,0.006589000,-0.082175000,0.00,0.00,-16.00
53,1573709267.257966520,3656554067.257966520,0.00,0.00,-16.00,0.001647000,0.006586000,-0.082166000,0.00,0.00,-16.00
53,1573709268.258109570,3656554068.258109570,0.00,0.00,-16.00,0.001642000,0.006587000,-0.082171000,0.00,0.00,-16.00
54,1573709275.418677810,3656554075.418677810,0.00,0.00,-17.00,0.002847000,0.008199000,-0.081048000,0.00,0.00,-17.00
54,1573709276.418492320,3656554076.418492320,0.00,0.00,-17.00,0.002854000,0.008203000,-0.081087000,0.00,0.00,-17.00
54,1573709277.418466570,3656554077.418466570,0.00,0.00,-17.00,0.002851000,0.008202000,-0.081104000,0.00,0.00,-17.00
54,1573709278.418663980,3656554078.418663980,0.00,0.00,-17.00,0.002848000,0.008201000,-0.081101000,0.00,0.00,-17.00
54,1573709279.418774130,3656554079.418774130,0.00,0.00,-17.00,0.002852000,0.008202000,-0.081087000,0.00,0.00,-17.00
55,1573709285.436293120,3656554085.436293120,0.00,0.00,-18.00,0.003588000,0.009361000,-0.081799000,0.00,0.00,-18.00
55,1573709286.435390470,3656554086.435390470,0.00,0.00,-18.00,0.003587000,0.009364000,-0.081814000,0.00,0.00,-18.00
55,1573709287.436962600,3656554087.436962600,0.00,0.00,-18.00,0.003581000,0.009362000,-0.081828000,0.00,0.00,-18.00
55,1573709288.436793800,3656554088.436793800,0.00,0.00,-18.00,0.003575000,0.009365000,-0.081823000,0.00,0.00,-18.00
55,1573709289.437918190,3656554089.437918180,0.00,0.00,-18.00,0.003580000,0.009364000,-0.081830000,0.00,0.00,-18.00
56,1573709299.222566130,3656554099.222566130,0.00,0.00,-19.00,0.003889000,0.009260000,-0.087527000,0.00,0.00,-19.00
56,1573709300.223038200,3656554100.223038200,0.00,0.00,-19.00,0.003892000,0.009264000,-0.087511000,0.00,0.00,-19.00
56,1573709301.222910400,3656554101.222910400,0.00,0.00,-19.00,0.003893000,0.009264000,-0.087519000,0.00,0.00,-19.00
56,1573709302.224325180,3656554102.224325180,0.00,0.00,-19.00,0.003894000,0.009259000,-0.087510000,0.00,0.00,-19.00
56,1573709303.223686690,3656554103.223686690,0.00,0.00,-19.00,0.003896000,0.009263000,-0.087498000,0.00,0.00,-19.00
57,1573709312.124431130,3656554112.124431130,0.00,0.00,-20.00,0.003730000,0.007441000,-0.104367000,0.00,0.00,-20.00
57,1573709313.124699590,3656554113.124699590,0.00,0.00,-20.00,0.003733000,0.007438000,-0.104369000,0.00,0.00,-20.00
57,1573709314.124693870,3656554114.124693870,0.00,0.00,-20.00,0.003734000,0.007438000,-0.104376000,0.00,0.00,-20.00
57,1573709315.124389650,3656554115.124389650,0.00,0.00,-20.00,0.003729000,0.007438000,-0.104384000,0.00,0.00,-20.00
57,1573709316.124683860,3656554116.124683860,0.00,0.00,-20.00,0.003726000,0.007440000,-0.104364000,0.00,0.00,-20.00
58,1573709322.629899020,3656554122.629899020,0.00,0.00,-21.00,0.002713000,0.004633000,-0.138966000,0.00,0.00,-21.00
58,1573709323.630136970,3656554123.630136970,0.00,0.00,-21.00,0.002682000,0.004607000,-0.138951000,0.00,0.00,-21.00
58,1573709324.629403590,3656554124.629403590,0.00,0.00,-21.00,0.002703000,0.004631000,-0.139038000,0.00,0.00,-21.00
58,1573709325.629848960,3656554125.629848960,0.00,0.00,-21.00,0.002717000,0.004629000,-0.139063000,0.00,0.00,-21.00
58,1573709326.630104540,3656554126.630104540,0.00,0.00,-21.00,0.002713000,0.004621000,-0.139077000,0.00,0.00,-21.00
59,1573709334.404603000,3656554134.404603000,0.00,0.00,-22.00,-0.000678000,0.001313000,-0.208860000,0.00,0.00,-22.00
59,1573709335.405229570,3656554135.405229570,0.00,0.00,-22.00,-0.000692000,0.001285000,-0.208910000,0.00,0.00,-22.00
59,1573709336.404701710,3656554136.404701710,0.00,0.00,-22.00,-0.000661000,0.001263000,-0.209110000,0.00,0.00,-22.00
59,1573709337.405130390,3656554137.405130390,0.00,0.00,-22.00,-0.000677000,0.001293000,-0.209160000,0.00,0.00,-22.00
59,1573709338.404541020,3656554138.404541010,0.00,0.00,-22.00,-0.000696000,0.001289000,-0.209170000,0.00,0.00,-22.00
60,1573709345.564919470,3656554145.564919470,0.00,0.00,-23.00,-0.008388000,-0.002315000,-0.330410000,0.00,0.00,-23.00
60,1573709346.565895080,3656554146.565895080,0.00,0.00,-23.00,-0.008383000,-0.002344000,-0.330630000,0.00,0.00,-23.00
60,1573709347.566180230,3656554147.566180230,0.00,0.00,-23.00,-0.008416000,-0.002343000,-0.330720000,0.00,0.00,-23.00
60,1573709348.565841670,3656554148.565841670,0.00,0.00,-23.00,-0.008402000,-0.002339000,-0.330820000,0.00,0.00,-23.00
60,1573709349.565862180,3656554149.565862180,0.00,0.00,-23.00,-0.008510000,-0.002347000,-0.330840000,0.00,0.00,-23.00
61,1573709356.702309610,3656554156.702309610,0.00,0.00,-24.00,-0.026345000,-0.005750000,-0.576050000,0.00,0.00,-24.00
61,1573709357.701847080,3656554157.701847080,0.00,0.00,-24.00,-0.026684000,-0.006773000,-0.575220000,0.00,0.00,-24.00
61,1573709358.701380730,3656554158.701380730,0.00,0.00,-24.00,-0.026697000,-0.006749000,-0.574900000,0.00,0.00,-24.00
61,1573709359.701543330,3656554159.701543330,0.00,0.00,-24.00,-0.026714000,-0.006733000,-0.574740000,0.00,0.00,-24.00
61,1573709360.701587680,3656554160.701587680,0.00,0.00,-24.00,-0.026687000,-0.006732000,-0.574730000,0.00,0.00,-24.00
62,1573709533.088744640,3656554333.088744640,1.50,0.00,-5.00,0.004609000,0.001495000,-0.115807000,1.50,0.00,-5.00
62,1573709534.088494780,3656554334.088494780,1.50,0.00,-5.00,0.004609000,0.001498000,-0.115785000,1.50,0.00,-5.00
62,1573709535.088362690,3656554335.088362690,1.50,0.00,-5.00,0.004608000,0.001497000,-0.115874000,1.50,0.00,-5.00
62,1573709536.090029240,3656554336.090029240,1.50,0.00,-5.00,0.004586000,0.001485000,-0.115891000,1.50,0.00,-5.00
62,1573709537.090362550,3656554337.090362550,1.50,0.00,-5.00,0.004574000,0.001497000,-0.115752000,1.50,0.00,-5.00
63,1573709543.997924800,3656554343.997924800,1.50,0.00,-6.00,-0.005818000,-0.006987000,-0.091859000,1.50,0.00,-6.00
63,1573709544.999236580,3656554344.999236580,1.50,0.00,-6.00,-0.005821000,-0.006988000,-0.091860000,1.50,0.00,-6.00
63,1573709546.000153540,3656554346.000153540,1.50,0.00,-6.00,-0.005820000,-0.006989000,-0.091850000,1.50,0.00,-6.00
63,1573709547.000675200,3656554347.000675200,1.50,0.00,-6.00,-0.005824000,-0.006988000,-0.091857000,1.50,0.00,-6.00
63,1573709548.001252650,3656554348.001252650,1.50,0.00,-6.00,-0.005828000,-0.006986000,-0.091873000,1.50,0.00,-6.00
64,1573709554.971085550,3656554354.971085550,1.50,0.00,-7.00,-0.012162000,-0.010243000,-0.083899000,1.50,0.00,-7.00
64,1573709555.971086500,3656554355.971086500,1.50,0.00,-7.00,-0.012159000,-0.010249000,-0.083894000,1.50,0.00,-7.00
64,1573709556.970696930,3656554356.970696920,1.50,0.00,-7.00,-0.012161000,-0.010249000,-0.083881000,1.50,0.00,-7.00
64,1573709557.970371250,3656554357.970371250,1.50,0.00,-7.00,-0.012167000,-0.010254000,-0.083841000,1.50,0.00,-7.00
64,1573709558.971302030,3656554358.971302030,1.50,0.00,-7.00,-0.012166000,-0.010253000,-0.083838000,1.50,0.00,-7.00
65,1573709565.880584720,3656554365.880584720,1.50,0.00,-8.00,-0.015179000,-0.010670000,-0.084034000,1.50,0.00,-8.00
65,1573709566.880483150,3656554366.880483150,1.50,0.00,-8.00,-0.015181000,-0.010676000,-0.084035000,1.50,0.00,-8.00
65,1573709567.882174010,3656554367.882174010,1.50,0.00,-8.00,-0.015181000,-0.010674000,-0.084037000,1.50,0.00,-8.00
65,1573709568.881806370,3656554368.881806370,1.50,0.00,-8.00,-0.015180000,-0.010676000,-0.084040000,1.50,0.00,-8.00
65,1573709569.881766800,3656554369.881766800,1.50,0.00,-8.00,-0.015177000,-0.010671000,-0.084054000,1.50,0.00,-8.00
66,1573709578.162602900,3656554378.162602900,1.50,0.00,-9.00,-0.015391000,-0.009007000,-0.086591000,1.50,0.00,-9.00
66,1573709579.162517550,3656554379.162517550,1.50,0.00,-9.00,-0.015390000,-0.009003000,-0.086589000,1.50,0.00,-9.00
66,1573709580.162607190,3656554380.162607190,1.50,0.00,-9.00,-0.015388000,-0.009004000,-0.086592000,1.50,0.00,-9.00
66,1573709581.162467480,3656554381.162467480,1.50,0.00,-9.00,-0.015389000,-0.008999000,-0.086606000,1.50,0.00,-9.00
66,1573709582.162704470,3656554382.162704470,1.50,0.00,-9.00,-0.015384000,-0.008997000,-0.086603000,1.50,0.00,-9.00
67,1573709590.162561890,3656554390.162561890,1.50,0.00,-10.00,-0.013559000,-0.006325000,-0.088767000,1.50,0.00,-10.00
67,1573709591.162807460,3656554391.162807460,1.50,0.00,-10.00,-0.013563000,-0.006323000,-0.088773000,1.50,0.00,-10.00
67,1573709592.162462710,3656554392.162462710,1.50,0.00,-10.00,-0.013563000,-0.006326000,-0.088772000,1.50,0.00,-10.00
67,1573709593.163181780,3656554393.163181780,1.50,0.00,-10.00,-0.013564000,-0.006326000,-0.088767000,1.50,0.00,-10.00
67,1573709594.162485120,3656554394.162485120,1.50,0.00,-10.00,-0.013569000,-0.006326000,-0.088766000,1.50,0.00,-10.00
68,1573709602.005887030,3656554402.005887030,1.50,0.00,-11.00,-0.010847000,-0.003553000,-0.089667000,1.50,0.00,-11.00
68,1573709603.006081100,3656554403.006081100,1.50,0.00,-11.00,-0.010846000,-0.003550000,-0.089674000,1.50,0.00,-11.00
68,1573709604.005964280,3656554404.005964280,1.50,0.00,-11.00,-0.010837000,-0.003555000,-0.089655000,1.50,0.00,-11.00
68,1573709605.007272720,3656554405.007272720,1.50,0.00,-11.00,-0.010838000,-0.003552000,-0.089659000,1.50,0.00,-11.00
68,1573709606.007198810,3656554406.007198810,1.50,0.00,-11.00,-0.010844000,-0.003551000,-0.089651000,1.50,0.00,-11.00
69,1573709625.278190140,3656554425.278190140,1.50,0.00,-12.00,-0.008010000,-0.000972000,-0.089177000,1.50,0.00,-12.00
69,1573709626.277730460,3656554426.277730460,1.50,0.00,-12.00,-0.008015000,-0.000946000,-0.089199000,1.50,0.00,-12.00
69,1573709627.278945920,3656554427.278945920,1.50,0.00,-12.00,-0.007947000,-0.000887000,-0.089173000,1.50,0.00,-12.00
69,1573709628.278954980,3656554428.278954980,1.50,0.00,-12.00,-0.007927000,-0.000869000,-0.089158000,1.50,0.00,-12.00
69,1573709629.278779980,3656554429.278779980,1.50,0.00,-12.00,-0.007925000,-0.000866000,-0.089165000,1.50,0.00,-12.00
70,1573709637.180719380,3656554437.180719370,1.50,0.00,-13.00,-0.005147000,0.000945000,-0.088013000,1.50,0.00,-13.00
70,1573709638.180683140,3656554438.180683140,1.50,0.00,-13.00,-0.005157000,0.000943000,-0.088004000,1.50,0.00,-13.00
70,1573709639.180436130,3656554439.180436130,1.50,0.00,-13.00,-0.005155000,0.000937000,-0.087994000,1.50,0.00,-13.00
70,1573709640.180731300,3656554440.180731300,1.50,0.00,-13.00,-0.005153000,0.000943000,-0.088003000,1.50,0.00,-13.00
70,1573709641.181274410,3656554441.181274410,1.50,0.00,-13.00,-0.005147000,0.000940000,-0.087997000,1.50,0.00,-13.00
71,1573709651.396718500,3656554451.396718500,1.50,0.00,-14.00,-0.002383000,0.002500000,-0.086555000,1.50,0.00,-14.00
71,1573709652.396868230,3656554452.396868230,1.50,0.00,-14.00,-0.002382000,0.002503000,-0.086548000,1.50,0.00,-14.00
71,1573709653.397270680,3656554453.397270680,1.50,0.00,-14.00,-0.002385000,0.002506000,-0.086532000,1.50,0.00,-14.00
71,1573709654.396725650,3656554454.396725650,1.50,0.00,-14.00,-0.002388000,0.002500000,-0.086548000,1.50,0.00,-14.00
71,1573709655.396969790,3656554455.396969790,1.50,0.00,-14.00,-0.002386000,0.002496000,-0.086557000,1.50,0.00,-14.00
72,1573709664.108785630,3656554464.108785630,1.50,0.00,-15.00,-0.000107000,0.004248000,-0.084722000,1.50,0.00,-15.00
72,1573709665.110075000,3656554465.110075000,1.50,0.00,-15.00,-0.000107000,0.004245000,-0.084733000,1.50,0.00,-15.00
72,1573709666.109578610,3656554466.109578610,1.50,0.00,-15.00,-0.000103000,0.004243000,-0.084729000,1.50,0.00,-15.00
72,1573709667.109500880,3656554467.109500880,1.50,0.00,-15.00,-0.000106000,0.004243000,-0.084725000,1.50,0.00,-15.00
72,1573709668.109768390,3656554468.109768390,1.50,0.00,-15.00,-0.000108000,0.004243000,-0.084721000,1.50,0.00,-15.00
73,1573709681.806754110,3656554481.806754110,1.50,0.00,-16.00,0.001422000,0.006220000,-0.082605000,1.50,0.00,-16.00
73,1573709682.806931970,3656554482.806931970,1.50,0.00,-16.00,0.001422000,0.006222000,-0.082598000,1.50,0.00,-16.00
73,1573709683.807299140,3656554483.807299140,1.50,0.00,-16.00,0.001423000,0.006217000,-0.082602000,1.50,0.00,-16.00
73,1573709684.806579590,3656554484.806579590,1.50,0.00,-16.00,0.001416000,0.006215000,-0.082620000,1.50,0.00,-16.00
73,1573709685.807073120,3656554485.807073120,1.50,0.00,-16.00,0.001380000,0.006191000,-0.082689000,1.50,0.00,-16.00
74,1573709695.598670010,3656554495.598670000,1.50,0.00,-17.00,0.001925000,0.008061000,-0.081144000,1.50,0.00,-17.00
74,1573709696.599256990,3656554496.599256990,1.50,0.00,-17.00,0.001922000,0.008067000,-0.081137000,1.50,0.00,-17.00
74,1573709697.598548410,3656554497.598548410,1.50,0.00,-17.00,0.001926000,0.008068000,-0.081131000,1.50,0.00,-17.00
74,1573709698.598432540,3656554498.598432540,1.50,0.00,-17.00,0.001922000,0.008067000,-0.081143000,1.50,0.00,-17.00
74,1573709699.598836420,3656554499.598836420,1.50,0.00,-17.00,0.001924000,0.008061000,-0.081152000,1.50,0.00,-17.00
75,1573709710.724151130,3656554510.724151130,1.50,0.00,-18.00,0.001400000,0.009181000,-0.081248000,1.50,0.00,-18.00
75,1573709711.724220280,3656554511.724220270,1.50,0.00,-18.00,0.001399000,0.009185000,-0.081240000,1.50,0.00,-18.00
75,1573709712.723755840,3656554512.723755840,1.50,0.00,-18.00,0.001399000,0.009184000,-0.081239000,1.50,0.00,-18.00
75,1573709713.723423480,3656554513.723423480,1.50,0.00,-18.00,0.001397000,0.009188000,-0.081226000,1.50,0.00,-18.00
75,1573709714.723513600,3656554514.723513600,1.50,0.00,-18.00,0.001397000,0.009193000,-0.081218000,1.50,0.00,-18.00
76,1573709727.754564760,3656554527.754564760,1.50,0.00,-19.00,-0.001057000,0.009148000,-0.086082000,1.50,0.00,-19.00
76,1573709728.754794600,3656554528.754794600,1.50,0.00,-19.00,-0.001054000,0.009146000,-0.086074000,1.50,0.00,-19.00
76,1573709729.754994390,3656554529.754994390,1.50,0.00,-19.00,-0.001060000,0.009149000,-0.086069000,1.50,0.00,-19.00
76,1573709730.755357260,3656554530.755357260,1.50,0.00,-19.00,-0.001056000,0.009145000,-0.086075000,1.50,0.00,-19.00
76,1573709731.756538390,3656554531.756538390,1.50,0.00,-19.00,-0.001057000,0.009148000,-0.086068000,1.50,0.00,-19.00
77,1573709741.039068220,3656554541.039068220,1.50,0.00,-20.00,-0.005746000,0.007664000,-0.098430000,1.50,0.00,-20.00
77,1573709742.038694860,3656554542.038694860,1.50,0.00,-20.00,-0.005755000,0.007657000,-0.098426000,1.50,0.00,-20.00
77,1573709743.038548470,3656554543.038548470,1.50,0.00,-20.00,-0.005754000,0.007654000,-0.098430000,1.50,0.00,-20.00
77,1573709744.038942810,3656554544.038942810,1.50,0.00,-20.00,-0.005745000,0.007669000,-0.098412000,1.50,0.00,-20.00
77,1573709745.040167810,3656554545.040167810,1.50,0.00,-20.00,-0.005743000,0.007661000,-0.098415000,1.50,0.00,-20.00
78,1573709782.176804540,3656554582.176804540,1.50,0.00,-21.00,-0.016783000,0.004641000,-0.130182000,1.50,0.00,-21.00
78,1573709783.176664830,3656554583.176664830,1.50,0.00,-21.00,-0.016794000,0.004662000,-0.130261000,1.50,0.00,-21.00
78,1573709784.176475520,3656554584.176475520,1.50,0.00,-21.00,-0.016820000,0.004661000,-0.130328000,1.50,0.00,-21.00
78,1573709785.176551820,3656554585.176551820,1.50,0.00,-21.00,-0.016826000,0.004661000,-0.130330000,1.50,0.00,-21.00
78,1573709786.176493170,3656554586.176493170,1.50,0.00,-21.00,-0.016856000,0.004652000,-0.130431000,1.50,0.00,-21.00
79,1573709796.396685120,3656554596.396685120,1.50,0.00,-22.00,-0.038363000,0.001378000,-0.191444000,1.50,0.00,-22.00
79,1573709797.396862510,3656554597.396862510,1.50,0.00,-22.00,-0.038311000,0.001381000,-0.191503000,1.50,0.00,-22.00
79,1573709798.396456240,3656554598.396456240,1.50,0.00,-22.00,-0.038308000,0.001380000,-0.191535000,1.50,0.00,-22.00
79,1573709799.396400930,3656554599.396400930,1.50,0.00,-22.00,-0.038312000,0.001377000,-0.191539000,1.50,0.00,-22.00
79,1573709800.396751400,3656554600.396751400,1.50,0.00,-22.00,-0.038310000,0.001382000,-0.191550000,1.50,0.00,-22.00
80,1573709809.262306210,3656554609.262306210,1.50,0.00,-23.00,-0.079609000,-0.002378000,-0.309860000,1.50,0.00,-23.00
80,1573709810.261637210,3656554610.261637210,1.50,0.00,-23.00,-0.079653000,-0.002373000,-0.309870000,1.50,0.00,-23.00
80,1573709811.261981010,3656554611.261981010,1.50,0.00,-23.00,-0.079663000,-0.002391000,-0.309880000,1.50,0.00,-23.00
80,1573709812.262273790,3656554612.262273790,1.50,0.00,-23.00,-0.079721000,-0.002375000,-0.309930000,1.50,0.00,-23.00
80,1573709813.261765960,3656554613.261765960,1.50,0.00,-23.00,-0.079704000,-0.002362000,-0.309920000,1.50,0.00,-23.00
81,1573709823.793910500,3656554623.793910500,1.50,0.00,-24.00,-0.154401000,-0.005682000,-0.536920000,1.50,0.00,-24.00
81,1573709824.795234680,3656554624.795234680,1.50,0.00,-24.00,-0.154526000,-0.005648000,-0.537080000,1.50,0.00,-24.00
81,1573709825.795257570,3656554625.795257570,1.50,0.00,-24.00,-0.154882000,-0.006652000,-0.535950000,1.50,0.00,-24.00
81,1573709826.794749740,3656554626.794749740,1.50,0.00,-24.00,-0.154624000,-0.006619000,-0.535380000,1.50,0.00,-24.00
81,1573709827.795203210,3656554627.795203210,1.50,0.00,-24.00,-0.154537000,-0.006598000,-0.535220000,1.50,0.00,-24.00
82,1573709979.048763750,3656554779.048763750,3.00,0.00,-5.00,0.011563000,-0.002286000,-0.103467000,3.00,0.00,-5.00
82,1573709980.049060340,3656554780.049060340,3.00,0.00,-5.00,0.011568000,-0.002288000,-0.103454000,3.00,0.00,-5.00
82,1573709981.049019340,3656554781.049019340,3.00,0.00,-5.00,0.011568000,-0.002295000,-0.103450000,3.00,0.00,-5.00
82,1573709982.048951630,3656554782.048951620,3.00,0.00,-5.00,0.011571000,-0.002296000,-0.103476000,3.00,0.00,-5.00
82,1573709983.049360270,3656554783.049360270,3.00,0.00,-5.00,0.011575000,-0.002293000,-0.103468000,3.00,0.00,-5.00
83,1573709989.187751770,3656554789.187751770,3.00,0.00,-6.00,-0.003508000,-0.008900000,-0.084265000,3.00,0.00,-6.00
83,1573709990.187538620,3656554790.187538620,3.00,0.00,-6.00,-0.003513000,-0.008903000,-0.084253000,3.00,0.00,-6.00
83,1573709991.187721730,3656554791.187721730,3.00,0.00,-6.00,-0.003512000,-0.008901000,-0.084260000,3.00,0.00,-6.00
83,1573709992.187854290,3656554792.187854290,3.00,0.00,-6.00,-0.003508000,-0.008905000,-0.084260000,3.00,0.00,-6.00
83,1573709993.189208030,3656554793.189208030,3.00,0.00,-6.00,-0.003506000,-0.008902000,-0.084256000,3.00,0.00,-6.00
84,1573709999.458781240,3656554799.458781240,3.00,0.00,-7.00,-0.013355000,-0.010915000,-0.078621000,3.00,0.00,-7.00
84,1573710000.458592890,3656554800.458592890,3.00,0.00,-7.00,-0.013355000,-0.010908000,-0.078631000,3.00,0.00,-7.00
84,1573710001.458401680,3656554801.458401680,3.00,0.00,-7.00,-0.013355000,-0.010908000,-0.078639000,3.00,0.00,-7.00
84,1573710002.458548070,3656554802.458548070,3.00,0.00,-7.00,-0.013353000,-0.010906000,-0.078634000,3.00,0.00,-7.00
84,1573710003.458698270,3656554803.458698270,3.00,0.00,-7.00,-0.013353000,-0.010908000,-0.078637000,3.00,0.00,-7.00
85,1573710009.923192500,3656554809.923192500,3.00,0.00,-8.00,-0.018358000,-0.011275000,-0.081004000,3.00,0.00,-8.00
85,1573710010.922613620,3656554810.922613620,3.00,0.00,-8.00,-0.018358000,-0.011272000,-0.081007000,3.00,0.00,-8.00
85,1573710011.923176290,3656554811.923176290,3.00,0.00,-8.00,-0.018358000,-0.011279000,-0.081005000,3.00,0.00,-8.00
85,1573710012.923350810,3656554812.923350810,3.00,0.00,-8.00,-0.018355000,-0.011280000,-0.080995000,3.00,0.00,-8.00
85,1573710013.923528190,3656554813.923528190,3.00,0.00,-8.00,-0.018358000,-0.011271000,-0.081004000,3.00,0.00,-8.00
86,1573710020.746307370,3656554820.746307370,3.00,0.00,-9.00,-0.018304000,-0.010217000,-0.085868000,3.00,0.00,-9.00
86,1573710021.747233390,3656554821.747233390,3.00,0.00,-9.00,-0.018310000,-0.010225000,-0.085864000,3.00,0.00,-9.00
86,1573710022.746625900,3656554822.746625900,3.00,0.00,-9.00,-0.018301000,-0.010222000,-0.085867000,3.00,0.00,-9.00
86,1573710023.746532920,3656554823.746532920,3.00,0.00,-9.00,-0.018307000,-0.010218000,-0.085872000,3.00,0.00,-9.00
86,1573710024.746654510,3656554824.746654510,3.00,0.00,-9.00,-0.018301000,-0.010213000,-0.085868000,3.00,0.00,-9.00
87,1573710030.602913380,3656554830.602913380,3.00,0.00,-10.00,-0.015542000,-0.008541000,-0.089463000,3.00,0.00,-10.00
87,1573710031.602467540,3656554831.602467540,3.00,0.00,-10.00,-0.015545000,-0.008544000,-0.089475000,3.00,0.00,-10.00
87,1573710032.602481840,3656554832.602481840,3.00,0.00,-10.00,-0.015544000,-0.008544000,-0.089475000,3.00,0.00,-10.00
87,1573710033.602768900,3656554833.602768900,3.00,0.00,-10.00,-0.015546000,-0.008542000,-0.089479000,3.00,0.00,-10.00
87,1573710034.603234770,3656554834.603234770,3.00,0.00,-10.00,-0.015547000,-0.008544000,-0.089483000,3.00,0.00,-10.00
88,1573710040.621600150,3656554840.621600150,3.00,0.00,-11.00,-0.011805000,-0.006237000,-0.091062000,3.00,0.00,-11.00
88,1573710041.621477130,3656554841.621477130,3.00,0.00,-11.00,-0.011804000,-0.006243000,-0.091079000,3.00,0.00,-11.00
88,1573710042.621526720,3656554842.621526720,3.00,0.00,-11.00,-0.011806000,-0.006251000,-0.091078000,3.00,0.00,-11.00
88,1573710043.622072220,3656554843.622072220,3.00,0.00,-11.00,-0.011805000,-0.006247000,-0.091067000,3.00,0.00,-11.00
88,1573710044.621528620,3656554844.621528620,3.00,0.00,-11.00,-0.011799000,-0.006250000,-0.091088000,3.00,0.00,-11.00
89,1573710050.819577690,3656554850.819577690,3.00,0.00,-12.00,-0.008567000,-0.003649000,-0.090500000,3.00,0.00,-12.00
89,1573710051.819792270,3656554851.819792270,3.00,0.00,-12.00,-0.008572000,-0.003642000,-0.090486000,3.00,0.00,-12.00
89,1573710052.820595740,3656554852.820595740,3.00,0.00,-12.00,-0.008565000,-0.003641000,-0.090476000,3.00,0.00,-12.00
89,1573710053.820529940,3656554853.820529940,3.00,0.00,-12.00,-0.008563000,-0.003641000,-0.090484000,3.00,0.00,-12.00
89,1573710054.820567610,3656554854.820567610,3.00,0.00,-12.00,-0.008564000,-0.003648000,-0.090476000,3.00,0.00,-12.00
90,1573710062.476177690,3656554862.476177690,3.00,0.00,-13.00,-0.005666000,-0.001655000,-0.089373000,3.00,0.00,-13.00
90,1573710063.475786210,3656554863.475786210,3.00,0.00,-13.00,-0.005669000,-0.001643000,-0.089351000,3.00,0.00,-13.00
90,1573710064.475435730,3656554864.475435730,3.00,0.00,-13.00,-0.005665000,-0.001644000,-0.089365000,3.00,0.00,-13.00
90,1573710065.476140980,3656554865.476140980,3.00,0.00,-13.00,-0.005660000,-0.001642000,-0.089371000,3.00,0.00,-13.00
90,1573710066.476109980,3656554866.476109980,3.00,0.00,-13.00,-0.005653000,-0.001655000,-0.089355000,3.00,0.00,-13.00
91,1573710075.126255510,3656554875.126255510,3.00,0.00,-14.00,-0.002500000,0.000470000,-0.087959000,3.00,0.00,-14.00
91,1573710076.125725750,3656554876.125725740,3.00,0.00,-14.00,-0.002495000,0.000467000,-0.087953000,3.00,0.00,-14.00
91,1573710077.125413890,3656554877.125413890,3.00,0.00,-14.00,-0.002496000,0.000469000,-0.087953000,3.00,0.00,-14.00
91,1573710078.126258370,3656554878.126258370,3.00,0.00,-14.00,-0.002498000,0.000470000,-0.087956000,3.00,0.00,-14.00
91,1573710079.125676150,3656554879.125676150,3.00,0.00,-14.00,-0.002495000,0.000470000,-0.087962000,3.00,0.00,-14.00
92,1573710085.527584080,3656554885.527584080,3.00,0.00,-15.00,0.000121000,0.003161000,-0.085803000,3.00,0.00,-15.00
92,1573710086.527698990,3656554886.527698990,3.00,0.00,-15.00,0.000120000,0.003166000,-0.085792000,3.00,0.00,-15.00
92,1573710087.527851100,3656554887.527851100,3.00,0.00,-15.00,0.000124000,0.003167000,-0.085811000,3.00,0.00,-15.00
92,1573710088.528024200,3656554888.528024200,3.00,0.00,-15.00,0.000123000,0.003163000,-0.085811000,3.00,0.00,-15.00
92,1573710089.527956960,3656554889.527956960,3.00,0.00,-15.00,0.000126000,0.003163000,-0.085832000,3.00,0.00,-15.00
93,1573710096.405883310,3656554896.405883310,3.00,0.00,-16.00,0.001599000,0.005736000,-0.083302000,3.00,0.00,-16.00
93,1573710097.405603410,3656554897.405603410,3.00,0.00,-16.00,0.001602000,0.005737000,-0.083305000,3.00,0.00,-16.00
93,1573710098.405643940,3656554898.405643940,3.00,0.00,-16.00,0.001601000,0.005741000,-0.083305000,3.00,0.00,-16.00
93,1573710099.405751700,3656554899.405751700,3.00,0.00,-16.00,0.001601000,0.005738000,-0.083322000,3.00,0.00,-16.00
93,1573710100.406121250,3656554900.406121250,3.00,0.00,-16.00,0.001605000,0.005739000,-0.083313000,3.00,0.00,-16.00
94,1573710107.638510230,3656554907.638510230,3.00,0.00,-17.00,0.001817000,0.007768000,-0.081140000,3.00,0.00,-17.00
94,1573710108.639346600,3656554908.639346600,3.00,0.00,-17.00,0.001818000,0.007778000,-0.081091000,3.00,0.00,-17.00
94,1573710109.640123370,3656554909.640123370,3.00,0.00,-17.00,0.001821000,0.007781000,-0.081115000,3.00,0.00,-17.00
94,1573710110.639404770,3656554910.639404770,3.00,0.00,-17.00,0.001819000,0.007779000,-0.081117000,3.00,0.00,-17.00
94,1573710111.639623160,3656554911.639623160,3.00,0.00,-17.00,0.001819000,0.007781000,-0.081113000,3.00,0.00,-17.00
95,1573710118.896452430,3656554918.896452430,3.00,0.00,-18.00,0.000248000,0.009015000,-0.080415000,3.00,0.00,-18.00
95,1573710119.896761890,3656554919.896761890,3.00,0.00,-18.00,0.000245000,0.009019000,-0.080413000,3.00,0.00,-18.00
95,1573710120.897041800,3656554920.897041800,3.00,0.00,-18.00,0.000248000,0.009018000,-0.080412000,3.00,0.00,-18.00
95,1573710121.896359920,3656554921.896359920,3.00,0.00,-18.00,0.000246000,0.009016000,-0.080426000,3.00,0.00,-18.00
95,1573710122.896415230,3656554922.896415230,3.00,0.00,-18.00,0.000246000,0.009018000,-0.080411000,3.00,0.00,-18.00
96,1573710129.722087380,3656554929.722087380,3.00,0.00,-19.00,-0.004256000,0.009115000,-0.083484000,3.00,0.00,-19.00
96,1573710130.721777920,3656554930.721777920,3.00,0.00,-19.00,-0.004256000,0.009116000,-0.083469000,3.00,0.00,-19.00
96,1573710131.721454140,3656554931.721454140,3.00,0.00,-19.00,-0.004257000,0.009115000,-0.083481000,3.00,0.00,-19.00
96,1573710132.722287180,3656554932.722287180,3.00,0.00,-19.00,-0.004255000,0.009118000,-0.083491000,3.00,0.00,-19.00
96,1573710133.721872810,3656554933.721872810,3.00,0.00,-19.00,-0.004259000,0.009118000,-0.083486000,3.00,0.00,-19.00
97,1573710142.662649630,3656554942.662649630,3.00,0.00,-20.00,-0.013591000,0.007578000,-0.095182000,3.00,0.00,-20.00
97,1573710143.662946700,3656554943.662946700,3.00,0.00,-20.00,-0.013588000,0.007584000,-0.095182000,3.00,0.00,-20.00
97,1573710144.662933830,3656554944.662933830,3.00,0.00,-20.00,-0.013595000,0.007583000,-0.095181000,3.00,0.00,-20.00
97,1573710145.662681580,3656554945.662681580,3.00,0.00,-20.00,-0.013594000,0.007581000,-0.095189000,3.00,0.00,-20.00
97,1573710146.663987640,3656554946.663987640,3.00,0.00,-20.00,-0.013590000,0.007584000,-0.095194000,3.00,0.00,-20.00
98,1573710157.492959980,3656554957.492959980,3.00,0.00,-21.00,-0.032360000,0.004726000,-0.123057000,3.00,0.00,-21.00
98,1573710158.492496490,3656554958.492496490,3.00,0.00,-21.00,-0.032364000,0.004731000,-0.123049000,3.00,0.00,-21.00
98,1573710159.493076800,3656554959.493076800,3.00,0.00,-21.00,-0.032387000,0.004726000,-0.123037000,3.00,0.00,-21.00
98,1573710160.493310450,3656554960.493310450,3.00,0.00,-21.00,-0.032362000,0.004721000,-0.123057000,3.00,0.00,-21.00
98,1573710161.494158740,3656554961.494158740,3.00,0.00,-21.00,-0.032373000,0.004717000,-0.123070000,3.00,0.00,-21.00
99,1573710172.160383700,3656554972.160383700,3.00,0.00,-22.00,-0.068519000,0.001701000,-0.176785000,3.00,0.00,-22.00
99,1573710173.160857200,3656554973.160857200,3.00,0.00,-22.00,-0.068500000,0.001661000,-0.176692000,3.00,0.00,-22.00
99,1573710174.162194250,3656554974.162194250,3.00,0.00,-22.00,-0.068376000,0.001683000,-0.176575000,3.00,0.00,-22.00
99,1573710175.162107470,3656554975.162107470,3.00,0.00,-22.00,-0.068011000,0.001613000,-0.175501000,3.00,0.00,-22.00
99,1573710176.161418910,3656554976.161418910,3.00,0.00,-22.00,-0.068406000,0.001624000,-0.176303000,3.00,0.00,-22.00
100,1573710177.165050030,3656554977.165050030,3.00,0.00,-22.00,-0.068698000,0.001617000,-0.176997000,3.00,0.00,-22.00
100,1573710178.165603160,3656554978.165603160,3.00,0.00,-22.00,-0.068776000,0.001647000,-0.177187000,3.00,0.00,-22.00
100,1573710179.166011330,3656554979.166011330,3.00,0.00,-22.00,-0.068947000,0.001871000,-0.177582000,3.00,0.00,-22.00
100,1573710180.165730950,3656554980.165730950,3.00,0.00,-22.00,-0.068958000,0.001838000,-0.177702000,3.00,0.00,-22.00
100,1573710181.166188720,3656554981.166188720,3.00,0.00,-22.00,-0.068989000,0.001839000,-0.177793000,3.00,0.00,-22.00
101,1573710192.497674940,3656554992.497674940,3.00,0.00,-23.00,-0.140638000,-0.001636000,-0.286290000,3.00,0.00,-23.00
101,1573710193.498348240,3656554993.498348240,3.00,0.00,-23.00,-0.140652000,-0.001626000,-0.286390000,3.00,0.00,-23.00
101,1573710194.498371600,3656554994.498371600,3.00,0.00,-23.00,-0.140679000,-0.001621000,-0.286360000,3.00,0.00,-23.00
101,1573710195.498825550,3656554995.498825550,3.00,0.00,-23.00,-0.140716000,-0.001618000,-0.286320000,3.00,0.00,-23.00
101,1573710196.498839380,3656554996.498839380,3.00,0.00,-23.00,-0.140712000,-0.001622000,-0.286320000,3.00,0.00,-23.00
102,1573710205.585790160,3656555005.585790160,3.00,0.00,-24.00,-0.259350000,-0.004589000,-0.481140000,3.00,0.00,-24.00
102,1573710206.586176870,3656555006.586176870,3.00,0.00,-24.00,-0.260060000,-0.004379000,-0.481310000,3.00,0.00,-24.00
102,1573710207.585437770,3656555007.585437770,3.00,0.00,-24.00,-0.259620000,-0.004230000,-0.481610000,3.00,0.00,-24.00
102,1573710208.586179260,3656555008.586179260,3.00,0.00,-24.00,-0.259660000,-0.004248000,-0.481630000,3.00,0.00,-24.00
102,1573710209.585473060,3656555009.585473060,3.00,0.00,-24.00,-0.259560000,-0.004247000,-0.481700000,3.00,0.00,-24.00
